instance_id,filename,level,label,prediction,confidence,threshold,prediction_made,correct
0,/home/asger/mini_trainer/examples/hierarchical/test_gbifxdl/images/5171231/fe44750651fbb317470ca269232bbcb2e5d03cb8.jpeg,0,162,0,0.2068733423948288,0.0,1,-1
1,/home/asger/mini_trainer/examples/hierarchical/test_gbifxdl/images/1341976/56dcd9d25f282a7da518906f4f84f308f7d4a282.jpeg,0,22,182,0.14742682874202728,0.0,1,-1
2,/home/asger/mini_trainer/examples/hierarchical/test_gbifxdl/images/1316376/d5bb72d08ea77dfa79c70b4c324a849448906722.jpeg,0,133,139,0.09636475145816803,0.0,1,-1
3,/home/asger/mini_trainer/examples/hierarchical/test_gbifxdl/images/5758736/0cb95b31b82ade9cc51fb2fff2c75681eb6d5b56.jpeg,0,120,99,0.1393260359764099,0.0,1,-1
4,/home/asger/mini_trainer/examples/hierarchical/test_gbifxdl/images/1541217/4a533678b12234bfa725e9f69f31f3d5c7f2dfbe.jpeg,0,151,22,0.21612605452537537,0.0,1,-1
5,/home/asger/mini_trainer/examples/hierarchical/test_gbifxdl/images/7970136/0e2127f2bd98f80036dfeef9fa81760efc87d098.jpeg,0,73,66,0.22242671251296997,0.0,1,-1
6,/home/asger/mini_trainer/examples/hierarchical/test_gbifxdl/images/4460057/65f1ee972369ea790cb657f6cdb37a9bebedb54b.jpeg,0,185,185,0.5314058661460876,0.0,1,1
7,/home/asger/mini_trainer/examples/hierarchical/test_gbifxdl/images/4460388/c7dd139e3f5b16deb6c8c5c9d27891f6c15e6b01.jpeg,0,145,117,0.35013869404792786,0.0,1,-1
8,/home/asger/mini_trainer/examples/hierarchical/test_gbifxdl/images/4990191/141464de877cffe54265d173a310a8053543c382.jpeg,0,63,63,0.8975996375083923,0.0,1,1
9,/home/asger/mini_trainer/examples/hierarchical/test_gbifxdl/images/1311649/d0431d4764151bf1efa5c37828eb85ea5ddde0ba.jpeg,0,47,47,0.6339731216430664,0.0,1,1
10,/home/asger/mini_trainer/examples/hierarchical/test_gbifxdl/images/2078852/71b66479220022c70ab1c2a9ee8390625ccf5c8a.jpeg,0,74,74,0.37482503056526184,0.0,1,1
11,/home/asger/mini_trainer/examples/hierarchical/test_gbifxdl/images/4496895/b8be78e028e580ac4fb60aa077e2fcbdc356b33b.jpeg,0,101,39,0.6306710243225098,0.0,1,-1
12,/home/asger/mini_trainer/examples/hierarchical/test_gbifxdl/images/4994273/df8e57ab1aff258053242630c6bac399c452930c.jpeg,0,10,124,0.4398672580718994,0.0,1,-1
13,/home/asger/mini_trainer/examples/hierarchical/test_gbifxdl/images/5176315/9dd7b6f535fdaa9b06a3c7e300152ae85c4e4554.jpeg,0,115,115,0.33671820163726807,0.0,1,1
14,/home/asger/mini_trainer/examples/hierarchical/test_gbifxdl/images/5755203/2fa605e2c74985140c58ff8568b9873403d3f1df.jpeg,0,66,66,0.6683140993118286,0.0,1,1
15,/home/asger/mini_trainer/examples/hierarchical/test_gbifxdl/images/7970136/a9565eaf38918f46bba2f4d21a9206a682141902.jpeg,0,73,73,0.7241044044494629,0.0,1,1
16,/home/asger/mini_trainer/examples/hierarchical/test_gbifxdl/images/5755203/e34511d53970d934d54d00e23cc88410c4122773.jpeg,0,66,67,0.443814218044281,0.0,1,-1
17,/home/asger/mini_trainer/examples/hierarchical/test_gbifxdl/images/4460388/242b2b0884511ba967bd652c28e03ab9878df49f.jpeg,0,145,145,0.40270280838012695,0.0,1,1
18,/home/asger/mini_trainer/examples/hierarchical/test_gbifxdl/images/1324934/dd08a32853ac3a241e09f3a1d6cd62fd4befa455.jpeg,0,139,139,0.9709676504135132,0.0,1,1
19,/home/asger/mini_trainer/examples/hierarchical/test_gbifxdl/images/1341976/edeb0852aaeaf9bb5b186d5faf168ccabc2185f1.jpeg,0,22,147,0.4439491331577301,0.0,1,-1
20,/home/asger/mini_trainer/examples/hierarchical/test_gbifxdl/images/1316376/8683b70977945b4b2eec07524e11f9789c0e63e0.jpeg,0,133,133,0.17424854636192322,0.0,1,1
21,/home/asger/mini_trainer/examples/hierarchical/test_gbifxdl/images/4486330/963fe8470a03ef685920aebb3ba7bcebff9fa896.jpeg,0,71,71,0.9687360525131226,0.0,1,1
22,/home/asger/mini_trainer/examples/hierarchical/test_gbifxdl/images/2078852/86a20e50056a00fc23e0577b8e58604793296d3d.jpeg,0,74,74,0.19827909767627716,0.0,1,1
23,/home/asger/mini_trainer/examples/hierarchical/test_gbifxdl/images/1311649/c966dce4e185e6f13e773389bc23d9da851a636e.jpeg,0,47,47,0.9516510367393494,0.0,1,1
24,/home/asger/mini_trainer/examples/hierarchical/test_gbifxdl/images/5006438/ef8cc552578665df3edfda598ed315118a5c5aef.jpeg,0,64,75,0.5093948841094971,0.0,1,-1
25,/home/asger/mini_trainer/examples/hierarchical/test_gbifxdl/images/1541217/74a2b8c4e9ba901678f534f65d0d032949172e4d.jpeg,0,151,22,0.38766804337501526,0.0,1,-1
26,/home/asger/mini_trainer/examples/hierarchical/test_gbifxdl/images/4486330/9ecc9735d4721e9e62f421749895f3843f18a79f.jpeg,0,71,71,0.8699516654014587,0.0,1,1
27,/home/asger/mini_trainer/examples/hierarchical/test_gbifxdl/images/1782560/dea379d028625c8088d754a68fcc52cc5f552a16.jpeg,0,180,32,0.2694929242134094,0.0,1,-1
28,/home/asger/mini_trainer/examples/hierarchical/test_gbifxdl/images/1824131/e7d4376e3917e11f93d87375e497e4683a473cf0.jpeg,0,56,172,0.39884117245674133,0.0,1,-1
29,/home/asger/mini_trainer/examples/hierarchical/test_gbifxdl/images/5163470/8b63855b65b4cd0ea9fac0092eb6ac17f2dade3d.jpeg,0,33,33,0.9837325215339661,0.0,1,1
30,/home/asger/mini_trainer/examples/hierarchical/test_gbifxdl/images/5163470/64e653a961e1df84377a5dc059fac3d42b571203.jpeg,0,33,33,0.9596688151359558,0.0,1,1
31,/home/asger/mini_trainer/examples/hierarchical/test_gbifxdl/images/2147010/f5e6b25e4268c39514c3c4b3506c25444156e6b2.jpeg,0,129,41,0.6856621503829956,0.0,1,-1
32,/home/asger/mini_trainer/examples/hierarchical/test_gbifxdl/images/2147010/63ff840d3d64ee4d143bb866245446a0d2a6d773.jpeg,0,129,129,0.9751420617103577,0.0,1,1
33,/home/asger/mini_trainer/examples/hierarchical/test_gbifxdl/images/5152523/fa2749dbd354a9a97b87c85220b74cddfdcba8f0.jpeg,0,18,64,0.1803063154220581,0.0,1,-1
34,/home/asger/mini_trainer/examples/hierarchical/test_gbifxdl/images/1956599/94d1c85be9b6ab1e4ddf10a55dddf5fda0b54f26.jpeg,0,166,166,0.9757739901542664,0.0,1,1
35,/home/asger/mini_trainer/examples/hierarchical/test_gbifxdl/images/4485843/bd66f22f24318f7565f963a726ede11761d0591c.jpeg,0,55,74,0.16872593760490417,0.0,1,-1
36,/home/asger/mini_trainer/examples/hierarchical/test_gbifxdl/images/2020655/d4d22d6ea6666ee72cf79398bae2990f860b0579.jpeg,0,72,72,0.9751383066177368,0.0,1,1
37,/home/asger/mini_trainer/examples/hierarchical/test_gbifxdl/images/2020655/23b87704226e662863785a063d837ab144d44240.jpeg,0,72,72,0.968692421913147,0.0,1,1
38,/home/asger/mini_trainer/examples/hierarchical/test_gbifxdl/images/1768815/cb934183dd08722a75838f960ccd6cb995209267.jpeg,0,52,52,0.8989611268043518,0.0,1,1
39,/home/asger/mini_trainer/examples/hierarchical/test_gbifxdl/images/1311649/2789691f33dc782f1327dd8d8ac722b2809a56b1.jpeg,0,47,47,0.5437827706336975,0.0,1,1
40,/home/asger/mini_trainer/examples/hierarchical/test_gbifxdl/images/1798449/6598b86a02da9fae306f918e6ce5189aaceae34d.jpeg,0,86,86,0.34060510993003845,0.0,1,1
41,/home/asger/mini_trainer/examples/hierarchical/test_gbifxdl/images/1972449/5031a37f89069c571df5ff6ec5794441eb002304.jpeg,0,28,28,0.906550407409668,0.0,1,1
42,/home/asger/mini_trainer/examples/hierarchical/test_gbifxdl/images/1956599/c0d1d83b5ad9d64b6ed1c6d7f5369e4b67c5290c.jpeg,0,166,28,0.7044515609741211,0.0,1,-1
43,/home/asger/mini_trainer/examples/hierarchical/test_gbifxdl/images/2078852/cf302139cffb193525daa421de2378619bbfb391.jpeg,0,74,120,0.3049302101135254,0.0,1,-1
44,/home/asger/mini_trainer/examples/hierarchical/test_gbifxdl/images/1972449/64d46d4491477e9c8054109f6f1a7c1c228d43e1.jpeg,0,28,28,0.9740623235702515,0.0,1,1
45,/home/asger/mini_trainer/examples/hierarchical/test_gbifxdl/images/4486826/117526652268e7a17312bb1a776965e02138f898.jpeg,0,163,163,0.9957301020622253,0.0,1,1
46,/home/asger/mini_trainer/examples/hierarchical/test_gbifxdl/images/2164198/4dcca79c71dd2ae4ff32e7f34bfc648a0e89c0aa.jpeg,0,49,101,0.29246190190315247,0.0,1,-1
47,/home/asger/mini_trainer/examples/hierarchical/test_gbifxdl/images/2164198/f4a263682be4af04c3083339cfb419e20c423a27.jpeg,0,49,49,0.9379611611366272,0.0,1,1
48,/home/asger/mini_trainer/examples/hierarchical/test_gbifxdl/images/4519121/5f3bd87f50d971f656e695ce1543aaf6bebcc063.jpeg,0,5,97,0.5682626366615295,0.0,1,-1
49,/home/asger/mini_trainer/examples/hierarchical/test_gbifxdl/images/4519121/1e95d30332d6e7aa2ec97e676a304fe8f3672110.jpeg,0,5,75,0.1311793327331543,0.0,1,-1
50,/home/asger/mini_trainer/examples/hierarchical/test_gbifxdl/images/8285182/c5678eada3aa52c5ae8786d4dc5073c3973ee194.jpeg,0,26,26,0.9994912147521973,0.0,1,1
51,/home/asger/mini_trainer/examples/hierarchical/test_gbifxdl/images/8285182/1dc4a0faa6d3acd08df9ca0fa5ceed42714732b6.jpeg,0,26,26,0.8717599511146545,0.0,1,1
52,/home/asger/mini_trainer/examples/hierarchical/test_gbifxdl/images/2007673/25bc55d72fc7a4b271ecedd381492756de778848.jpeg,0,31,31,0.5948632955551147,0.0,1,1
53,/home/asger/mini_trainer/examples/hierarchical/test_gbifxdl/images/4536978/cefc9e81702b0bfca53a95d1cd6e148886ed5237.jpeg,0,9,9,0.33117911219596863,0.0,1,1
54,/home/asger/mini_trainer/examples/hierarchical/test_gbifxdl/images/6284337/cb137a952db833a32689e42850313f680a0188aa.jpeg,0,182,182,0.699066162109375,0.0,1,1
55,/home/asger/mini_trainer/examples/hierarchical/test_gbifxdl/images/6284337/ad14f7f737b7117300358194e751823e98ec2427.jpeg,0,182,182,0.9451276659965515,0.0,1,1
56,/home/asger/mini_trainer/examples/hierarchical/test_gbifxdl/images/6284337/bbeccc9c8633b8990079edd688b6fc023b28fc08.jpeg,0,182,182,0.3055983781814575,0.0,1,1
57,/home/asger/mini_trainer/examples/hierarchical/test_gbifxdl/images/2208095/aa2939909c00c7b68a4af3ba40ae6bc3ecbc3d0c.jpeg,0,42,42,0.9681481719017029,0.0,1,1
58,/home/asger/mini_trainer/examples/hierarchical/test_gbifxdl/images/2208095/82ab7b83d2d199e043b092a46cefda20bf838b3c.jpeg,0,42,42,0.6753765940666199,0.0,1,1
59,/home/asger/mini_trainer/examples/hierarchical/test_gbifxdl/images/2007673/22437de85afb7a89947f86afae6e3da4c391dd17.jpeg,0,31,132,0.3212474286556244,0.0,1,-1
60,/home/asger/mini_trainer/examples/hierarchical/test_gbifxdl/images/5176315/cd6b61345873437640a38471c31823636cf6a642.jpeg,0,115,115,0.2959873676300049,0.0,1,1
61,/home/asger/mini_trainer/examples/hierarchical/test_gbifxdl/images/5758737/7ed596537046bd8c0616ba5d28e614d27a1de2ce.jpeg,0,159,159,0.7070057392120361,0.0,1,1
62,/home/asger/mini_trainer/examples/hierarchical/test_gbifxdl/images/4486283/bc1c354bba881e684ff854aaf5d420e3443fd00f.jpeg,0,23,23,0.9767733812332153,0.0,1,1
63,/home/asger/mini_trainer/examples/hierarchical/test_gbifxdl/images/5749341/93ce06b212000dd68826055ba03b28e161fca19c.jpeg,0,24,24,0.9807779788970947,0.0,1,1
64,/home/asger/mini_trainer/examples/hierarchical/test_gbifxdl/images/2020855/629e3f8145bf66df73478b3412837b6023cfefe3.jpeg,0,132,132,0.9819283485412598,0.0,1,1
65,/home/asger/mini_trainer/examples/hierarchical/test_gbifxdl/images/2230514/c441929079c9b29364d8bebfc5db4007b3754f6c.jpeg,0,172,172,0.8584682941436768,0.0,1,1
66,/home/asger/mini_trainer/examples/hierarchical/test_gbifxdl/images/4536992/11dadcd1adeabf78601988c130e501269529e87c.jpeg,0,108,108,0.6534661650657654,0.0,1,1
67,/home/asger/mini_trainer/examples/hierarchical/test_gbifxdl/images/8285182/2a0c545bf1f1868375a1ad119cb590c0e81ca75c.jpeg,0,26,26,0.9905648231506348,0.0,1,1
68,/home/asger/mini_trainer/examples/hierarchical/test_gbifxdl/images/6096767/3c4da1f7a1cdd0df5a5103b99bb58b2f2c43d3f4.jpeg,0,169,169,0.9959127306938171,0.0,1,1
69,/home/asger/mini_trainer/examples/hierarchical/test_gbifxdl/images/6096767/4a0bc282bb4b1d75ba038a6eec3ff1b012caa605.jpeg,0,169,169,0.9977128505706787,0.0,1,1
70,/home/asger/mini_trainer/examples/hierarchical/test_gbifxdl/images/6096767/b4d3fa6907015461325e1c0d0eb014d74a05ef7e.jpeg,0,169,169,0.9845759868621826,0.0,1,1
71,/home/asger/mini_trainer/examples/hierarchical/test_gbifxdl/images/5176315/0c7280bb65111271a4d8a4135aa36a03ea6c8ce0.jpeg,0,115,115,0.3424585163593292,0.0,1,1
72,/home/asger/mini_trainer/examples/hierarchical/test_gbifxdl/images/4486283/3d30296e3c528ff967c8505f3e2fbc4ec5e62819.jpeg,0,23,23,0.9681068658828735,0.0,1,1
73,/home/asger/mini_trainer/examples/hierarchical/test_gbifxdl/images/1690429/e1d26918479f562120617cc34947d4cb499bf6af.jpeg,0,92,92,0.8838393092155457,0.0,1,1
74,/home/asger/mini_trainer/examples/hierarchical/test_gbifxdl/images/1690429/95b3492f25fe99ba2ab7806317bef22a4920d8a1.jpeg,0,92,92,0.7871227264404297,0.0,1,1
75,/home/asger/mini_trainer/examples/hierarchical/test_gbifxdl/images/2230514/998416740282d781466347055ffdd68104921ccb.jpeg,0,172,172,0.9378034472465515,0.0,1,1
76,/home/asger/mini_trainer/examples/hierarchical/test_gbifxdl/images/2120964/2559fd21b2b89ad708bc69887b347c8b18386ba7.jpeg,0,53,53,0.9832161068916321,0.0,1,1
77,/home/asger/mini_trainer/examples/hierarchical/test_gbifxdl/images/2120964/5d147e3128e01b566b4ad26184e187024aaf4cf2.jpeg,0,53,53,0.9920205473899841,0.0,1,1
78,/home/asger/mini_trainer/examples/hierarchical/test_gbifxdl/images/4536978/4a13a43370e94b494af634807173dc04b64ec73d.jpeg,0,9,157,0.3116436004638672,0.0,1,-1
79,/home/asger/mini_trainer/examples/hierarchical/test_gbifxdl/images/5176315/c3fa8449f6643707ca8d824656a88ee846dd1213.jpeg,0,115,182,0.29535263776779175,0.0,1,-1
80,/home/asger/mini_trainer/examples/hierarchical/test_gbifxdl/images/6096767/90ac9da8a991b6594dec46ee1ed55710192259dd.jpeg,0,169,169,0.9978058934211731,0.0,1,1
81,/home/asger/mini_trainer/examples/hierarchical/test_gbifxdl/images/5170652/5e90aa10d5c3e300d07f4ff01678dab649fb446c.jpeg,0,44,25,0.2848285138607025,0.0,1,-1
82,/home/asger/mini_trainer/examples/hierarchical/test_gbifxdl/images/5170652/5a4f94a1f5ef0a0c34faa5cc6954f79948c3e3eb.jpeg,0,44,75,0.34283435344696045,0.0,1,-1
83,/home/asger/mini_trainer/examples/hierarchical/test_gbifxdl/images/1855235/c44eaaa0e5f0ecd5fbbadae0a89166db2aff421f.jpeg,0,43,28,0.22492170333862305,0.0,1,-1
84,/home/asger/mini_trainer/examples/hierarchical/test_gbifxdl/images/1710463/65fa608a895c3f8bf5b7e19e6b6a049b732aff57.jpeg,0,99,99,0.162195086479187,0.0,1,1
85,/home/asger/mini_trainer/examples/hierarchical/test_gbifxdl/images/1824131/90307940ed1c2ed736e902bc658a2fdb7493e52f.jpeg,0,56,115,0.767284631729126,0.0,1,-1
86,/home/asger/mini_trainer/examples/hierarchical/test_gbifxdl/images/1428345/5d4494a68f0d0686d09ef102d821708dc27f19a2.jpeg,0,150,150,0.7277576923370361,0.0,1,1
87,/home/asger/mini_trainer/examples/hierarchical/test_gbifxdl/images/1814552/fe8649bdb861fe8cbe07691306bf5ff03706a0a1.jpeg,0,105,105,0.9396511912345886,0.0,1,1
88,/home/asger/mini_trainer/examples/hierarchical/test_gbifxdl/images/2153287/eab87bc482938a77ef604e9d5fc9669e9b0de574.jpeg,0,14,14,0.21193146705627441,0.0,1,1
89,/home/asger/mini_trainer/examples/hierarchical/test_gbifxdl/images/1775913/54703733a803886ab89ab8f6a7d43fcbad5cfd2b.jpeg,0,161,121,0.6483779549598694,0.0,1,-1
90,/home/asger/mini_trainer/examples/hierarchical/test_gbifxdl/images/1956599/07e042f7f15598f3875ff1a5fa55492716e71a01.jpeg,0,166,166,0.3756294250488281,0.0,1,1
91,/home/asger/mini_trainer/examples/hierarchical/test_gbifxdl/images/1968867/f7679eac1194fbf9484cf59a54904dabeb46049e.jpeg,0,160,160,0.5294870138168335,0.0,1,1
92,/home/asger/mini_trainer/examples/hierarchical/test_gbifxdl/images/1814552/508ccd86e55faddb55231301eb1feb74e011a91b.jpeg,0,105,105,0.586970329284668,0.0,1,1
93,/home/asger/mini_trainer/examples/hierarchical/test_gbifxdl/images/1785185/b42887f9e5de9d9f4c1e15f5e1a80a3c7a6783f7.jpeg,0,94,143,0.14170286059379578,0.0,1,-1
94,/home/asger/mini_trainer/examples/hierarchical/test_gbifxdl/images/2149937/f82a99d3b363c8cd0ca6c54ecdd9981f48cabedf.jpeg,0,122,122,0.5189418792724609,0.0,1,1
95,/home/asger/mini_trainer/examples/hierarchical/test_gbifxdl/images/2157278/9469ac8048ea3eaccb947647cf42ab9145514f75.jpeg,0,15,15,0.874908983707428,0.0,1,1
96,/home/asger/mini_trainer/examples/hierarchical/test_gbifxdl/images/5110858/bdb84e73a2bebf4194e3015d6411a0dc21178ae8.jpeg,0,127,123,0.7509564161300659,0.0,1,-1
97,/home/asger/mini_trainer/examples/hierarchical/test_gbifxdl/images/1972449/a9468ae9745d30d6cd0808454a9e11d6141cf56b.jpeg,0,28,28,0.8591452836990356,0.0,1,1
98,/home/asger/mini_trainer/examples/hierarchical/test_gbifxdl/images/1956599/12884f128204590cd34eb79c73ae308d1ea06f09.jpeg,0,166,28,0.5282801389694214,0.0,1,-1
99,/home/asger/mini_trainer/examples/hierarchical/test_gbifxdl/images/5133088/101b2d59b245bf2950966ca72e0b9ee801b19b47.jpeg,0,140,140,0.9326301217079163,0.0,1,1
100,/home/asger/mini_trainer/examples/hierarchical/test_gbifxdl/images/5133088/5eba1c18a9bfdc57e799d9e6bd21cb4e18053f9f.jpeg,0,140,140,0.91505366563797,0.0,1,1
101,/home/asger/mini_trainer/examples/hierarchical/test_gbifxdl/images/2157278/a29a8705494390e1403ae51527bfe311b0b2159b.jpeg,0,15,15,0.31756213307380676,0.0,1,1
102,/home/asger/mini_trainer/examples/hierarchical/test_gbifxdl/images/1768815/f2d573c25eb7111c8e64d0b889e754c772e07dac.jpeg,0,52,28,0.23472216725349426,0.0,1,-1
103,/home/asger/mini_trainer/examples/hierarchical/test_gbifxdl/images/5178347/63e8ca757aa24e408674ca1056c85cbd7935178d.jpeg,0,168,3,0.257254958152771,0.0,1,-1
104,/home/asger/mini_trainer/examples/hierarchical/test_gbifxdl/images/1540742/172d0a9411571b3319c36ef83843fa92a662deec.jpeg,0,164,47,0.36801669001579285,0.0,1,-1
105,/home/asger/mini_trainer/examples/hierarchical/test_gbifxdl/images/1540742/9b49bec222a98605ac73d4ef1cb958de23d629fe.jpeg,0,164,149,0.13506090641021729,0.0,1,-1
106,/home/asger/mini_trainer/examples/hierarchical/test_gbifxdl/images/1428345/4766c7d02b6f5ee73aa6b022a0a8f828b2f87bae.jpeg,0,150,150,0.8977264165878296,0.0,1,1
107,/home/asger/mini_trainer/examples/hierarchical/test_gbifxdl/images/1920506/6a0e1f53a4a36d9649eb5cd2455fa3e8013b033d.jpeg,0,21,7,0.06608369946479797,0.0,1,-1
108,/home/asger/mini_trainer/examples/hierarchical/test_gbifxdl/images/8108800/fcb789e001fb9d5478321d945664fafa7d0b58e7.jpeg,0,183,21,0.2351381778717041,0.0,1,-1
109,/home/asger/mini_trainer/examples/hierarchical/test_gbifxdl/images/4650395/061b3a7427e3718573f98c980553a25c0d8ec61f.jpeg,0,137,137,0.8561261892318726,0.0,1,1
110,/home/asger/mini_trainer/examples/hierarchical/test_gbifxdl/images/4650395/6252565c1b21d9a8c16145b4adbedeaf4adff36a.jpeg,0,137,137,0.9564095735549927,0.0,1,1
111,/home/asger/mini_trainer/examples/hierarchical/test_gbifxdl/images/1536449/4e3075a92a0da21938aa7a73684540eb644ccb40.jpeg,0,61,61,0.7521981000900269,0.0,1,1
112,/home/asger/mini_trainer/examples/hierarchical/test_gbifxdl/images/1740762/91b243682825dee5cb70b9694a157b2c7db91e47.jpeg,0,70,70,0.3573203980922699,0.0,1,1
113,/home/asger/mini_trainer/examples/hierarchical/test_gbifxdl/images/1740762/2039cdd193f9a7f7301734e494e75070999c793d.jpeg,0,70,43,0.14028958976268768,0.0,1,-1
114,/home/asger/mini_trainer/examples/hierarchical/test_gbifxdl/images/1739980/cdf0a5d7ce646da8f3b4b10740b90d21794e0863.jpeg,0,16,28,0.3679300844669342,0.0,1,-1
115,/home/asger/mini_trainer/examples/hierarchical/test_gbifxdl/images/5146412/e314116c19db9fd29a7b1e4b8fdf3199c466b790.jpeg,0,155,124,0.744835615158081,0.0,1,-1
116,/home/asger/mini_trainer/examples/hierarchical/test_gbifxdl/images/5146412/a155dff0458eb7e2633b350a5ff69f43478b54ab.jpeg,0,155,1,0.16487324237823486,0.0,1,-1
117,/home/asger/mini_trainer/examples/hierarchical/test_gbifxdl/images/4533115/a3fa13b1b5ecbc2b2b3b27b5221573955b73b107.jpeg,0,76,123,0.2753967046737671,0.0,1,-1
118,/home/asger/mini_trainer/examples/hierarchical/test_gbifxdl/images/1775913/13bf53a3dbf9884c4bb8913fac14b02738b89cbd.jpeg,0,161,161,0.9437240958213806,0.0,1,1
119,/home/asger/mini_trainer/examples/hierarchical/test_gbifxdl/images/11654024/97df0e43867168d872c31566143db8015e73c0a2.jpeg,0,68,166,0.29976481199264526,0.0,1,-1
120,/home/asger/mini_trainer/examples/hierarchical/test_gbifxdl/images/1879691/fb28b19fca3522acb7e1d039bb2c8f9e72e237a9.jpeg,0,91,70,0.2282383143901825,0.0,1,-1
121,/home/asger/mini_trainer/examples/hierarchical/test_gbifxdl/images/5110858/ec6e2d9a17dc2cb5049bda3e903689ad0d92ad41.jpeg,0,127,123,0.6306086182594299,0.0,1,-1
122,/home/asger/mini_trainer/examples/hierarchical/test_gbifxdl/images/1989594/67f87f62bd790e537fe3a95633db7ee3dc6c6dcf.jpeg,0,81,81,0.2378419041633606,0.0,1,1
123,/home/asger/mini_trainer/examples/hierarchical/test_gbifxdl/images/11654024/b0c3fa5ce7e656aba93961c3bd243f7ce6ba21d7.jpeg,0,68,28,0.935197651386261,0.0,1,-1
124,/home/asger/mini_trainer/examples/hierarchical/test_gbifxdl/images/1989594/1b366e683a6ea458219e8c819fcc564daa1922c6.jpeg,0,81,81,0.6579142808914185,0.0,1,1
125,/home/asger/mini_trainer/examples/hierarchical/test_gbifxdl/images/1879691/c6f9bad84e93fa01f4f2060ec32b33079825f7fa.jpeg,0,91,28,0.17831633985042572,0.0,1,-1
126,/home/asger/mini_trainer/examples/hierarchical/test_gbifxdl/images/1881151/a58e2aaa9492d1e362d22ef55750096fbd70b029.jpeg,0,58,127,0.5118577480316162,0.0,1,-1
127,/home/asger/mini_trainer/examples/hierarchical/test_gbifxdl/images/6284337/917aeac8f528d00ed5154d1d838d8f1c708e917d.jpeg,0,182,115,0.37573155760765076,0.0,1,-1
128,/home/asger/mini_trainer/examples/hierarchical/test_gbifxdl/images/6284337/267b3486db653a7a1feda73e93a014746843382d.jpeg,0,182,182,0.12011504918336868,0.0,1,1
129,/home/asger/mini_trainer/examples/hierarchical/test_gbifxdl/images/6284337/8eb99f1acdbd6cfdc57ebe2d19cab71d7b2d6a86.jpeg,0,182,182,0.3235875070095062,0.0,1,1
130,/home/asger/mini_trainer/examples/hierarchical/test_gbifxdl/images/6284337/938937f7a55ee6af9dbf7fc6693a854ef2cbdec0.jpeg,0,182,182,0.2554609179496765,0.0,1,1
131,/home/asger/mini_trainer/examples/hierarchical/test_gbifxdl/images/1311477/38a99e5903cb8fac2cfdc6c93c0974cc355bde26.jpeg,0,40,40,0.9457890391349792,0.0,1,1
132,/home/asger/mini_trainer/examples/hierarchical/test_gbifxdl/images/1699720/3d5d39ab3a38b75c8cc7082d4748dbbf74d689a5.jpeg,0,178,178,0.8010912537574768,0.0,1,1
133,/home/asger/mini_trainer/examples/hierarchical/test_gbifxdl/images/1699720/a9ec72a3918a134b4c8a5d8d49f1d8549f8e9138.jpeg,0,178,88,0.5891371369361877,0.0,1,-1
134,/home/asger/mini_trainer/examples/hierarchical/test_gbifxdl/images/1324934/f649a85a95b0fc550687e23f742ffe97fa5b026a.jpeg,0,139,139,0.8771547675132751,0.0,1,1
135,/home/asger/mini_trainer/examples/hierarchical/test_gbifxdl/images/4460057/be6c335525089062ba9048304153d84e622ddcb3.jpeg,0,185,185,0.8590809106826782,0.0,1,1
136,/home/asger/mini_trainer/examples/hierarchical/test_gbifxdl/images/1404864/8f5c5e3efd2f829a6486b7e5f805c7fc9c751ad1.jpeg,0,174,169,0.7924009561538696,0.0,1,-1
137,/home/asger/mini_trainer/examples/hierarchical/test_gbifxdl/images/1404864/c4cc48a49a9abc3fdccb1a4663cff97889d23cf6.jpeg,0,174,174,0.6228392720222473,0.0,1,1
138,/home/asger/mini_trainer/examples/hierarchical/test_gbifxdl/images/4532024/5108b1b60c3df296736e27143d765751d1da19d2.jpeg,0,109,91,0.4262333810329437,0.0,1,-1
139,/home/asger/mini_trainer/examples/hierarchical/test_gbifxdl/images/1968867/52679ba45b6b2adbe648e95438ba42572f9dfbd0.jpeg,0,160,160,0.09416481852531433,0.0,1,1
140,/home/asger/mini_trainer/examples/hierarchical/test_gbifxdl/images/2209507/d32e056b982378dde353e54d00bad5f867cf1b02.jpeg,0,35,35,0.9097837209701538,0.0,1,1
141,/home/asger/mini_trainer/examples/hierarchical/test_gbifxdl/images/2209507/23cb71654c7c8a50a0ed8ad68aaecf93a71dd604.jpeg,0,35,35,0.7421814203262329,0.0,1,1
142,/home/asger/mini_trainer/examples/hierarchical/test_gbifxdl/images/4553430/380af48b1a4ef6f4791518a1bf39e04bf1d59243.jpeg,0,88,88,0.9586913585662842,0.0,1,1
143,/home/asger/mini_trainer/examples/hierarchical/test_gbifxdl/images/4989904/aeee33bbe842f3f5de78c9a74bb6496539a17068.jpeg,0,117,112,0.19722586870193481,0.0,1,-1
144,/home/asger/mini_trainer/examples/hierarchical/test_gbifxdl/images/2159658/a9b561ba5212e904ae81869800c4d49864058523.jpeg,0,48,48,0.32418498396873474,0.0,1,1
145,/home/asger/mini_trainer/examples/hierarchical/test_gbifxdl/images/2159658/1657b4bd9ea20887d830da15e825d84d51f290e2.jpeg,0,48,48,0.345073401927948,0.0,1,1
146,/home/asger/mini_trainer/examples/hierarchical/test_gbifxdl/images/4447337/c7e30a2461a48345319e066bbf2d28a4c1ebc69f.jpeg,0,158,158,0.3902752697467804,0.0,1,1
147,/home/asger/mini_trainer/examples/hierarchical/test_gbifxdl/images/4553430/b02f1aeea7c802c384a231e70ecbfa95ebc3a2b5.jpeg,0,88,88,0.7330202460289001,0.0,1,1
148,/home/asger/mini_trainer/examples/hierarchical/test_gbifxdl/images/4553430/7b90da13eb2204b8eaf02515c597a402887a4170.jpeg,0,88,88,0.699394702911377,0.0,1,1
149,/home/asger/mini_trainer/examples/hierarchical/test_gbifxdl/images/4447337/0b03a3ea52f0af11c45c4b5a3dc992fd8ce28377.jpeg,0,158,158,0.987475574016571,0.0,1,1
150,/home/asger/mini_trainer/examples/hierarchical/test_gbifxdl/images/1956599/ef6ad48d45ea02120db43749ccdd3eb87e9de1af.jpeg,0,166,166,0.998273491859436,0.0,1,1
151,/home/asger/mini_trainer/examples/hierarchical/test_gbifxdl/images/1956599/6391ea84c2deed931555ef33a4b8d4249d43b3da.jpeg,0,166,166,0.8041163682937622,0.0,1,1
152,/home/asger/mini_trainer/examples/hierarchical/test_gbifxdl/images/1309640/093d3188da28d677aa186386435a63ed2fe6cb77.jpeg,0,37,80,0.19347535073757172,0.0,1,-1
153,/home/asger/mini_trainer/examples/hierarchical/test_gbifxdl/images/1710463/dcd6b512f0f1ef154a671e25f3131600acaff9af.jpeg,0,99,92,0.19186992943286896,0.0,1,-1
154,/home/asger/mini_trainer/examples/hierarchical/test_gbifxdl/images/1649565/afcaa334b7071c04ded777b9fc896e35239d03ca.jpeg,0,113,75,0.4853403568267822,0.0,1,-1
155,/home/asger/mini_trainer/examples/hierarchical/test_gbifxdl/images/5002115/6dd4ba8b8134f2ef86c71a0d2c0c1a6d4c95c658.jpeg,0,83,83,0.8293491005897522,0.0,1,1
156,/home/asger/mini_trainer/examples/hierarchical/test_gbifxdl/images/5002115/1f433e43d05a9d50adccb039e4f1d192eb0ee357.jpeg,0,83,83,0.8250022530555725,0.0,1,1
157,/home/asger/mini_trainer/examples/hierarchical/test_gbifxdl/images/2209507/bd463a374a0c7408b3ab4c892ae18ce8fa9d924d.jpeg,0,35,35,0.45789045095443726,0.0,1,1
158,/home/asger/mini_trainer/examples/hierarchical/test_gbifxdl/images/5176315/7b13e2bd59ac2094c2383efeeccbbd55df177de7.jpeg,0,115,115,0.5434990525245667,0.0,1,1
159,/home/asger/mini_trainer/examples/hierarchical/test_gbifxdl/images/1859285/08066e9e0f5be5b8f3986a4a087ca312c1e99e6c.jpeg,0,98,98,0.1706138551235199,0.0,1,1
160,/home/asger/mini_trainer/examples/hierarchical/test_gbifxdl/images/1768729/5351e0d2ad2079eadce82f0a8513d0e5089ae361.jpeg,0,6,127,0.7070063948631287,0.0,1,-1
161,/home/asger/mini_trainer/examples/hierarchical/test_gbifxdl/images/2209507/a282ac1289c485cd993a1ea3f1517f133796f04e.jpeg,0,35,35,0.9600332379341125,0.0,1,1
162,/home/asger/mini_trainer/examples/hierarchical/test_gbifxdl/images/1920506/813f07ad15c5a860580f8afa02d3a8346881863c.jpeg,0,21,52,0.6390073895454407,0.0,1,-1
163,/home/asger/mini_trainer/examples/hierarchical/test_gbifxdl/images/2209507/90eadfe9dabdf11e375deec4ee14381a1326fcd9.jpeg,0,35,94,0.2153899222612381,0.0,1,-1
164,/home/asger/mini_trainer/examples/hierarchical/test_gbifxdl/images/2209507/8c33a3a2f1d3f7d68e5bed50d1f6b4fbb58dd3e0.jpeg,0,35,180,0.12208305299282074,0.0,1,-1
165,/home/asger/mini_trainer/examples/hierarchical/test_gbifxdl/images/1768815/9ed4e6513bc242717f90be4ac8265afe12d9171c.jpeg,0,52,106,0.2703849673271179,0.0,1,-1
166,/home/asger/mini_trainer/examples/hierarchical/test_gbifxdl/images/1601050/fd61409e5b5458341a8f80377264351b318292c4.jpeg,0,141,90,0.3326167166233063,0.0,1,-1
167,/home/asger/mini_trainer/examples/hierarchical/test_gbifxdl/images/5178595/68fd5095d524b128f67a9824bbaf66400951a375.jpeg,0,87,3,0.11631413549184799,0.0,1,-1
168,/home/asger/mini_trainer/examples/hierarchical/test_gbifxdl/images/4532024/b932b9ffd9bbc784e8363403fdf3d6b18c70e794.jpeg,0,109,109,0.9284931421279907,0.0,1,1
169,/home/asger/mini_trainer/examples/hierarchical/test_gbifxdl/images/4553336/ee2f1daaaba0ff782c47e3bb44d7f16bb937a32e.jpeg,0,97,156,0.19036363065242767,0.0,1,-1
170,/home/asger/mini_trainer/examples/hierarchical/test_gbifxdl/images/2209507/f69ea26784e3964d94e5c0490b2b22ede193a6e3.jpeg,0,35,115,0.15988264977931976,0.0,1,-1
171,/home/asger/mini_trainer/examples/hierarchical/test_gbifxdl/images/1768749/136d886138e837a9d73329d7cc2a275312603b47.jpeg,0,123,123,0.7271767258644104,0.0,1,1
172,/home/asger/mini_trainer/examples/hierarchical/test_gbifxdl/images/6121184/d8c172fec6835dd12848d75b962c39578d2ffaee.jpeg,0,84,143,0.1798919290304184,0.0,1,-1
173,/home/asger/mini_trainer/examples/hierarchical/test_gbifxdl/images/1601050/b52134c387557588ae083f10602341df3f70126b.jpeg,0,141,141,0.9030768871307373,0.0,1,1
174,/home/asger/mini_trainer/examples/hierarchical/test_gbifxdl/images/8049830/70904021abf62ddb03abcc52b354713f6b534030.jpeg,0,100,167,0.48784658312797546,0.0,1,-1
175,/home/asger/mini_trainer/examples/hierarchical/test_gbifxdl/images/5006438/62cfa1083b783f45881d76a66e8a8df38dea84d9.jpeg,0,64,64,0.8625304698944092,0.0,1,1
176,/home/asger/mini_trainer/examples/hierarchical/test_gbifxdl/images/1342108/529370ce46e1e6d2864fb3a30511075eda93603e.jpeg,0,13,13,0.597149670124054,0.0,1,1
177,/home/asger/mini_trainer/examples/hierarchical/test_gbifxdl/images/1342108/02690efc5841b23ff5bc3555252deebdd2e33ce9.jpeg,0,13,13,0.8860294818878174,0.0,1,1
178,/home/asger/mini_trainer/examples/hierarchical/test_gbifxdl/images/2115620/4269e4846ceeced43e8a5c016e43e8560d99a3d3.jpeg,0,170,170,0.9985539317131042,0.0,1,1
179,/home/asger/mini_trainer/examples/hierarchical/test_gbifxdl/images/1898286/09f6ce0df10a28cc74c216bd6790e5d3f5fc1af8.jpeg,0,138,138,0.6314629912376404,0.0,1,1
180,/home/asger/mini_trainer/examples/hierarchical/test_gbifxdl/images/1789695/2ef2de5372dcdd77a0d33226bd0850b951f7a35d.jpeg,0,3,3,0.934982180595398,0.0,1,1
181,/home/asger/mini_trainer/examples/hierarchical/test_gbifxdl/images/5145842/0e89a57b5bdf1e89bcebcc2500b8c449a4761c47.jpeg,0,107,28,0.3464352488517761,0.0,1,-1
182,/home/asger/mini_trainer/examples/hierarchical/test_gbifxdl/images/5133088/5f74311e7936ac6fe40c5e695e9f48c80c1fd716.jpeg,0,140,140,0.56357342004776,0.0,1,1
183,/home/asger/mini_trainer/examples/hierarchical/test_gbifxdl/images/11113980/40d870d167545e41cbb7b1ce256b1646215fda9c.jpeg,0,173,173,0.1764591634273529,0.0,1,1
184,/home/asger/mini_trainer/examples/hierarchical/test_gbifxdl/images/1541217/e62fca559ac53f2fd0a0a74090259d06fc27adfc.jpeg,0,151,184,0.19143006205558777,0.0,1,-1
185,/home/asger/mini_trainer/examples/hierarchical/test_gbifxdl/images/2144994/83d810235ff0be05b32f214f005d8dafc6493356.jpeg,0,116,116,0.33840495347976685,0.0,1,1
186,/home/asger/mini_trainer/examples/hierarchical/test_gbifxdl/images/5171231/8cc35a02e3dc9c3f9bb1a9c918615bc70de8bd1c.jpeg,0,162,69,0.17552584409713745,0.0,1,-1
187,/home/asger/mini_trainer/examples/hierarchical/test_gbifxdl/images/1541217/f50b113a3189705daf93357351a868e96a890808.jpeg,0,151,147,0.3441240191459656,0.0,1,-1
188,/home/asger/mini_trainer/examples/hierarchical/test_gbifxdl/images/1920496/254f8ced38d1f983ae0f59b6752d732127c95303.jpeg,0,82,82,0.9805647730827332,0.0,1,1
189,/home/asger/mini_trainer/examples/hierarchical/test_gbifxdl/images/5169517/f4e30b0583efae3ae2dca7cd345c96474be06854.jpeg,0,12,32,0.7735294103622437,0.0,1,-1
190,/home/asger/mini_trainer/examples/hierarchical/test_gbifxdl/images/1798449/f85ea6a005c56cfa7d24a9d4608b6a6f4a92b0e4.jpeg,0,86,86,0.19358107447624207,0.0,1,1
191,/home/asger/mini_trainer/examples/hierarchical/test_gbifxdl/images/1542714/2dfdbf94f528e7103d98e835de3c673b9771a393.jpeg,0,142,142,0.924625039100647,0.0,1,1
192,/home/asger/mini_trainer/examples/hierarchical/test_gbifxdl/images/5760758/c783320f9bf59a42d915c813497d1643a1992968.jpeg,0,130,130,0.9925665855407715,0.0,1,1
193,/home/asger/mini_trainer/examples/hierarchical/test_gbifxdl/images/1703339/9917eff708d8424c2232744119b2931def5b1123.jpeg,0,46,35,0.1179828867316246,0.0,1,-1
194,/home/asger/mini_trainer/examples/hierarchical/test_gbifxdl/images/1703339/bba70d99791a0385e204ca3f2216e70243de240d.jpeg,0,46,46,0.7317556738853455,0.0,1,1
195,/home/asger/mini_trainer/examples/hierarchical/test_gbifxdl/images/1341976/f05ba87876023e2c1856f43e34dabb8773bc2003.jpeg,0,22,28,0.0970795676112175,0.0,1,-1
196,/home/asger/mini_trainer/examples/hierarchical/test_gbifxdl/images/1713317/c6ee3f907ce41a1b1351911f558b86a94c00b996.jpeg,0,114,114,0.997657060623169,0.0,1,1
197,/home/asger/mini_trainer/examples/hierarchical/test_gbifxdl/images/1699720/900b9a46365831a69b5d2952b94b7a89d0076926.jpeg,0,178,178,0.5206812620162964,0.0,1,1
198,/home/asger/mini_trainer/examples/hierarchical/test_gbifxdl/images/1340503/2de008ae3b1dc650401e86fb7c5c7802a65f8dbb.jpeg,0,131,131,0.7257592678070068,0.0,1,1
199,/home/asger/mini_trainer/examples/hierarchical/test_gbifxdl/images/1427721/7f267edd37eea236094f3e097143b93bf455708b.jpeg,0,4,4,0.9958445429801941,0.0,1,1
200,/home/asger/mini_trainer/examples/hierarchical/test_gbifxdl/images/1713317/08109a6831fe083fee1db4ccd662825858734076.jpeg,0,114,114,0.9976746439933777,0.0,1,1
201,/home/asger/mini_trainer/examples/hierarchical/test_gbifxdl/images/5099079/afe21b86ae0eb5922f6de25bab320301547dfbfc.jpeg,0,103,103,0.4893103241920471,0.0,1,1
202,/home/asger/mini_trainer/examples/hierarchical/test_gbifxdl/images/5099079/f1200b3c1e08787d14fd7dab0c4dc4cc553b62f4.jpeg,0,103,114,0.6946955323219299,0.0,1,-1
203,/home/asger/mini_trainer/examples/hierarchical/test_gbifxdl/images/4382864/75c43c8ebc53cdea21cbcd216dec79fb622d3044.jpeg,0,102,102,0.7999187707901001,0.0,1,1
204,/home/asger/mini_trainer/examples/hierarchical/test_gbifxdl/images/1544431/37013f123d6abc84a32e2812c90c49cd6734afd2.jpeg,0,184,184,0.9758150577545166,0.0,1,1
205,/home/asger/mini_trainer/examples/hierarchical/test_gbifxdl/images/5760758/834895a17e0964a5e4dea78a924b9b90d72764cb.jpeg,0,130,130,0.9895514845848083,0.0,1,1
206,/home/asger/mini_trainer/examples/hierarchical/test_gbifxdl/images/5760758/9925e00140fae06ebf6e29db76e4f7867c1b73ca.jpeg,0,130,130,0.9400583505630493,0.0,1,1
207,/home/asger/mini_trainer/examples/hierarchical/test_gbifxdl/images/1713302/2bc2bb912cd7cd11ea20c9048b5bddaab3363524.jpeg,0,179,179,0.9875693917274475,0.0,1,1
208,/home/asger/mini_trainer/examples/hierarchical/test_gbifxdl/images/2115620/0569ed3978b9bd9e94513245cda7512a265faaac.jpeg,0,170,170,0.17990505695343018,0.0,1,1
209,/home/asger/mini_trainer/examples/hierarchical/test_gbifxdl/images/5170973/e99ef462262c4cf44bd85a8d5bd6337875441b1b.jpeg,0,167,167,0.9793689846992493,0.0,1,1
210,/home/asger/mini_trainer/examples/hierarchical/test_gbifxdl/images/1933649/a0813e4a9b8b61cec8eb54ed812bfb19aa07036e.jpeg,0,62,62,0.891034722328186,0.0,1,1
211,/home/asger/mini_trainer/examples/hierarchical/test_gbifxdl/images/1340503/8cc63c8812aa117d50478732933c30e13f4dcac5.jpeg,0,131,131,0.6105693578720093,0.0,1,1
212,/home/asger/mini_trainer/examples/hierarchical/test_gbifxdl/images/1340503/5dcd8075a4748449922963cfa2ac7aa2285e52f4.jpeg,0,131,131,0.5358844995498657,0.0,1,1
213,/home/asger/mini_trainer/examples/hierarchical/test_gbifxdl/images/4382864/a19c4ce6185712aafdec14f833b1063dc9e0f3d5.jpeg,0,102,123,0.10412631183862686,0.0,1,-1
214,/home/asger/mini_trainer/examples/hierarchical/test_gbifxdl/images/1713302/d31999d377e19e0daef39c5544bd69d184f75d40.jpeg,0,179,179,0.8836944103240967,0.0,1,1
215,/home/asger/mini_trainer/examples/hierarchical/test_gbifxdl/images/1703339/25b24a6a4e5f8030fe30a8b61631608c9351ccd5.jpeg,0,46,46,0.8719012141227722,0.0,1,1
216,/home/asger/mini_trainer/examples/hierarchical/test_gbifxdl/images/1544431/9ff63e215e22979fbea312b8cfb118925db35b07.jpeg,0,184,184,0.9363712072372437,0.0,1,1
217,/home/asger/mini_trainer/examples/hierarchical/test_gbifxdl/images/1933649/fb0af815748868fa76d59e5473b3068e1a6be002.jpeg,0,62,62,0.9440170526504517,0.0,1,1
218,/home/asger/mini_trainer/examples/hierarchical/test_gbifxdl/images/4382864/4fc352ed090fda3645ae4d09247c69fe3ab4690c.jpeg,0,102,102,0.3742470443248749,0.0,1,1
219,/home/asger/mini_trainer/examples/hierarchical/test_gbifxdl/images/1428673/f7c471b46679f62c7bfb8b7d9ad5a4c89476146b.jpeg,0,152,152,0.9873065948486328,0.0,1,1
220,/home/asger/mini_trainer/examples/hierarchical/test_gbifxdl/images/1428673/bf952c8851584a585f1c25aac93141ffdcf0ef36.jpeg,0,152,152,0.9385955929756165,0.0,1,1
221,/home/asger/mini_trainer/examples/hierarchical/test_gbifxdl/images/1933649/34efdacf9553d9d473efb6b2acae07409be9fe5b.jpeg,0,62,62,0.9349085092544556,0.0,1,1
222,/home/asger/mini_trainer/examples/hierarchical/test_gbifxdl/images/5145842/c3e5507dd38dd8dfc21ef34e9c8b42aa6da9f4db.jpeg,0,107,28,0.4183536469936371,0.0,1,-1
223,/home/asger/mini_trainer/examples/hierarchical/test_gbifxdl/images/8108800/93cd4b121afd99446c799c64f2cb2f78717ec019.jpeg,0,183,28,0.7912370562553406,0.0,1,-1
224,/home/asger/mini_trainer/examples/hierarchical/test_gbifxdl/images/5133088/e82ea97a0e892810eb7f47ccdb007c5f73a27b8f.jpeg,0,140,140,0.5939818024635315,0.0,1,1
225,/home/asger/mini_trainer/examples/hierarchical/test_gbifxdl/images/1933649/28e07938cde8566b670d18bc062b4b9728488d0f.jpeg,0,62,62,0.39924106001853943,0.0,1,1
226,/home/asger/mini_trainer/examples/hierarchical/test_gbifxdl/images/1340000/243e50bf1ab3e5e14cd4c69b76fb83e662bb0edd.jpeg,0,147,147,0.7304499745368958,0.0,1,1
227,/home/asger/mini_trainer/examples/hierarchical/test_gbifxdl/images/1713302/d5c886ec2067640dd04ccd329837c1e2df69fa37.jpeg,0,179,99,0.5979396104812622,0.0,1,-1
228,/home/asger/mini_trainer/examples/hierarchical/test_gbifxdl/images/8049830/fa3267fb506f31994c9d79e9a840af19fa4cd32e.jpeg,0,100,100,0.7799326777458191,0.0,1,1
229,/home/asger/mini_trainer/examples/hierarchical/test_gbifxdl/images/1920496/d0ecad3eef93bb2305729eb9a4167493c5da4a6b.jpeg,0,82,82,0.9754132032394409,0.0,1,1
230,/home/asger/mini_trainer/examples/hierarchical/test_gbifxdl/images/8049830/a7b9dc3104dae43364a4afb1766b6fc9ddc9a7cf.jpeg,0,100,47,0.17094552516937256,0.0,1,-1
231,/home/asger/mini_trainer/examples/hierarchical/test_gbifxdl/images/4473930/303103f20360094385721f1fbd6fc6ef4b6dc9c9.jpeg,0,59,59,0.22923016548156738,0.0,1,1
232,/home/asger/mini_trainer/examples/hierarchical/test_gbifxdl/images/1930110/68ab4a612f29fa9a24affec9d204d72b23f0d4ce.jpeg,0,1,1,0.6820268034934998,0.0,1,1
233,/home/asger/mini_trainer/examples/hierarchical/test_gbifxdl/images/1956599/b7867a13a569303b75f1c8438623780726c88ad2.jpeg,0,166,28,0.6125457286834717,0.0,1,-1
234,/home/asger/mini_trainer/examples/hierarchical/test_gbifxdl/images/4536992/152a3de34cd0381a765d40e0e34cbd30d22f6a5d.jpeg,0,108,74,0.6605454683303833,0.0,1,-1
235,/home/asger/mini_trainer/examples/hierarchical/test_gbifxdl/images/1649565/0e01df0fb780a7f3318428c92c5f1e3bdc04997e.jpeg,0,113,113,0.6771727204322815,0.0,1,1
236,/home/asger/mini_trainer/examples/hierarchical/test_gbifxdl/images/5099079/751a8179e3a2b1c4629edd7e2b83eb6d51a6e967.jpeg,0,103,179,0.6070888638496399,0.0,1,-1
237,/home/asger/mini_trainer/examples/hierarchical/test_gbifxdl/images/1930110/483a35781b046934bc653a791751566bd773c551.jpeg,0,1,65,0.17416097223758698,0.0,1,-1
238,/home/asger/mini_trainer/examples/hierarchical/test_gbifxdl/images/4989904/ea8e8f18e5dd25a67a03a4659dffdeaf9c83afb6.jpeg,0,117,39,0.08616160601377487,0.0,1,-1
239,/home/asger/mini_trainer/examples/hierarchical/test_gbifxdl/images/4989904/2d6f2972f15533e897b7bf674121f2469fcd00f4.jpeg,0,117,28,0.054058987647295,0.0,1,-1
240,/home/asger/mini_trainer/examples/hierarchical/test_gbifxdl/images/2150764/9daa52867849fcf99d4aa09e6418d0fc65a3a747.jpeg,0,41,41,0.607889711856842,0.0,1,1
241,/home/asger/mini_trainer/examples/hierarchical/test_gbifxdl/images/1972449/97bc35baa0b4557dafdb1e368b10bcd749f13ea7.jpeg,0,28,128,0.14191415905952454,0.0,1,-1
242,/home/asger/mini_trainer/examples/hierarchical/test_gbifxdl/images/1898290/9e76952db923424c2e0b8cecc5c256a03a81035e.jpeg,0,96,138,0.7228779196739197,0.0,1,-1
243,/home/asger/mini_trainer/examples/hierarchical/test_gbifxdl/images/5170973/46060b5fcb126e90defb659d0d6bf2c70092d01f.jpeg,0,167,69,0.22296203672885895,0.0,1,-1
244,/home/asger/mini_trainer/examples/hierarchical/test_gbifxdl/images/4485843/50c9a7531b4c4e1687cb561d0c955829966e53c7.jpeg,0,55,55,0.6556447744369507,0.0,1,1
245,/home/asger/mini_trainer/examples/hierarchical/test_gbifxdl/images/4473930/11597d51576e35703d9c0211048eddb262b73bfd.jpeg,0,59,59,0.20990654826164246,0.0,1,1
246,/home/asger/mini_trainer/examples/hierarchical/test_gbifxdl/images/1311477/78f09819d75092217446d97b3eff460a03270440.jpeg,0,40,141,0.123334139585495,0.0,1,-1
247,/home/asger/mini_trainer/examples/hierarchical/test_gbifxdl/images/1428345/471b90b50e0b0cadc331816479a6540166679fd9.jpeg,0,150,150,0.9252752065658569,0.0,1,1
248,/home/asger/mini_trainer/examples/hierarchical/test_gbifxdl/images/4522049/11d7c80d45b4585d9f0e76be14c5f89f2763e369.jpeg,0,51,28,0.7666882276535034,0.0,1,-1
249,/home/asger/mini_trainer/examples/hierarchical/test_gbifxdl/images/1427721/e81b0569b7e97c94083b81e02906ceb0cba78177.jpeg,0,4,4,0.2823183536529541,0.0,1,1
250,/home/asger/mini_trainer/examples/hierarchical/test_gbifxdl/images/1427721/abe654ef75d12c2e2eed7098277b48c1eea20bd1.jpeg,0,4,61,0.17301909625530243,0.0,1,-1
251,/home/asger/mini_trainer/examples/hierarchical/test_gbifxdl/images/1296299/abf076f3e9aea037f9bd68116206f6c5a4707578.jpeg,0,25,25,0.9381942749023438,0.0,1,1
252,/home/asger/mini_trainer/examples/hierarchical/test_gbifxdl/images/1296299/c83855a271c65fbd302763ca7b3c3a56361142e1.jpeg,0,25,25,0.9938939213752747,0.0,1,1
253,/home/asger/mini_trainer/examples/hierarchical/test_gbifxdl/images/2158999/164546cec95477f02df4fb24bb2c23150c8337a4.jpeg,0,0,75,0.4533275067806244,0.0,1,-1
254,/home/asger/mini_trainer/examples/hierarchical/test_gbifxdl/images/1898286/fe7b339a29284eeabcdee95a65942caf68a36c98.jpeg,0,138,138,0.7847776412963867,0.0,1,1
255,/home/asger/mini_trainer/examples/hierarchical/test_gbifxdl/images/2153287/71e9e1e680b0782724706c479e2ccc8d1aa23370.jpeg,0,14,41,0.3242560029029846,0.0,1,-1
256,/home/asger/mini_trainer/examples/hierarchical/test_gbifxdl/images/4535827/318529932bb95a7146ef9d47bfdaf9c5adac38c0.jpeg,0,11,11,0.8582342267036438,0.0,1,1
257,/home/asger/mini_trainer/examples/hierarchical/test_gbifxdl/images/4533115/34768e574b720a9bae780ef6154f1c66e828294e.jpeg,0,76,177,0.2219531238079071,0.0,1,-1
258,/home/asger/mini_trainer/examples/hierarchical/test_gbifxdl/images/1855235/20b6e2673eafce55c46992c60f7b37a13df6fb07.jpeg,0,43,169,0.3834407329559326,0.0,1,-1
259,/home/asger/mini_trainer/examples/hierarchical/test_gbifxdl/images/5170973/db41ff02b27c084dd4eb71fe6895331dc4e32050.jpeg,0,167,167,0.5574917197227478,0.0,1,1
260,/home/asger/mini_trainer/examples/hierarchical/test_gbifxdl/images/5073820/9d723c2b520a17bc1ca0304318d0356a6cff13b7.jpeg,0,149,149,0.906807541847229,0.0,1,1
261,/home/asger/mini_trainer/examples/hierarchical/test_gbifxdl/images/1992066/457c90c676ce155e796ea13b7fb96b438213ea8e.jpeg,0,121,28,0.11833955347537994,0.0,1,-1
262,/home/asger/mini_trainer/examples/hierarchical/test_gbifxdl/images/2161872/ad3f127f41c84a68c8ea58b4c9d648ef4707e2e2.jpeg,0,20,20,0.9524433016777039,0.0,1,1
263,/home/asger/mini_trainer/examples/hierarchical/test_gbifxdl/images/2157242/84884de8fcde0c4e88d81f4a9893e4de1729748f.jpeg,0,146,146,0.9891015887260437,0.0,1,1
264,/home/asger/mini_trainer/examples/hierarchical/test_gbifxdl/images/2157242/5e831fe3e47369420dd56b873e03bf3079b41ad9.jpeg,0,146,146,0.7817478179931641,0.0,1,1
265,/home/asger/mini_trainer/examples/hierarchical/test_gbifxdl/images/1879691/354fc04b2fddf13482c7a482913a6f22f20dc2ff.jpeg,0,91,91,0.7265952825546265,0.0,1,1
266,/home/asger/mini_trainer/examples/hierarchical/test_gbifxdl/images/2151758/ab45cf3d7955e10763d9ca03c5d4e096f2a54bb5.jpeg,0,50,50,0.9921453595161438,0.0,1,1
267,/home/asger/mini_trainer/examples/hierarchical/test_gbifxdl/images/2151758/cc326f57b79451962d2cd08c1ce7dc16d1c5b75f.jpeg,0,50,110,0.21536028385162354,0.0,1,-1
268,/home/asger/mini_trainer/examples/hierarchical/test_gbifxdl/images/2159658/00219cc6e5a6e71df398bff78ecf6358d173860f.jpeg,0,48,55,0.6266536712646484,0.0,1,-1
269,/home/asger/mini_trainer/examples/hierarchical/test_gbifxdl/images/1311671/8b365496ba4b3208e2ddb0a19110d3e1bc0f0a9b.jpeg,0,30,47,0.6562120318412781,0.0,1,-1
270,/home/asger/mini_trainer/examples/hierarchical/test_gbifxdl/images/1311671/0c9d3ceb816a7d9dd08f176985bec4409a55bdc1.jpeg,0,30,47,0.5171030759811401,0.0,1,-1
271,/home/asger/mini_trainer/examples/hierarchical/test_gbifxdl/images/1898286/ac6439ffa36ca1e1a8488abbb2d4a5cee97aaf2d.jpeg,0,138,25,0.15712308883666992,0.0,1,-1
272,/home/asger/mini_trainer/examples/hierarchical/test_gbifxdl/images/1898290/f899664794f5b8ad5ac8ef0b3f24617cd0e745a5.jpeg,0,96,96,0.9504739046096802,0.0,1,1
273,/home/asger/mini_trainer/examples/hierarchical/test_gbifxdl/images/1969954/47d36beee760a98da0440918443da465e233e951.jpeg,0,8,8,0.9944896697998047,0.0,1,1
274,/home/asger/mini_trainer/examples/hierarchical/test_gbifxdl/images/1969954/6bbddff6a2eab5a987f0307ea0419b1e61d84aef.jpeg,0,8,8,0.9768092036247253,0.0,1,1
275,/home/asger/mini_trainer/examples/hierarchical/test_gbifxdl/images/1969954/efb8163d789af4d3bc360252c86cd834af181b37.jpeg,0,8,8,0.7502055764198303,0.0,1,1
276,/home/asger/mini_trainer/examples/hierarchical/test_gbifxdl/images/2090121/d44dbc8a9b5bb2d9918381a2974e8c66fc24b0de.jpeg,0,89,89,0.5696989297866821,0.0,1,1
277,/home/asger/mini_trainer/examples/hierarchical/test_gbifxdl/images/2090121/3bebc5ac900b833f9c4a8c37342c103de0dcaf5b.jpeg,0,89,89,0.4406387507915497,0.0,1,1
278,/home/asger/mini_trainer/examples/hierarchical/test_gbifxdl/images/1785185/3697cbf4b66aaee81682393fd5adb7d64566543f.jpeg,0,94,94,0.23150750994682312,0.0,1,1
279,/home/asger/mini_trainer/examples/hierarchical/test_gbifxdl/images/1859285/16731e8ef7dc02dc2ef43d973ac45b09ad3d7903.jpeg,0,98,98,0.41462498903274536,0.0,1,1
280,/home/asger/mini_trainer/examples/hierarchical/test_gbifxdl/images/1749929/91d13df8859d795a1b0f24b4cc21c61d89b1b8dd.jpeg,0,111,179,0.15441133081912994,0.0,1,-1
281,/home/asger/mini_trainer/examples/hierarchical/test_gbifxdl/images/1972449/63365178cf25ab8f60c87a3df66b72f2d8da6dea.jpeg,0,28,28,0.8501362204551697,0.0,1,1
282,/home/asger/mini_trainer/examples/hierarchical/test_gbifxdl/images/1309600/afcbf82bb071f3ad615a2e1f361ea8da24cb3227.jpeg,0,175,175,0.7989218235015869,0.0,1,1
283,/home/asger/mini_trainer/examples/hierarchical/test_gbifxdl/images/4553430/0ee6361909954b877c5278177cbbec47a5d4dadc.jpeg,0,88,123,0.16321739554405212,0.0,1,-1
284,/home/asger/mini_trainer/examples/hierarchical/test_gbifxdl/images/4497137/b1b7f971f51096bcb282df6ccbb7106202d316cf.jpeg,0,90,37,0.29039931297302246,0.0,1,-1
285,/home/asger/mini_trainer/examples/hierarchical/test_gbifxdl/images/5156102/5f3c1d88256997b50307480528dc6ab6b89cd93f.jpeg,0,75,75,0.651781439781189,0.0,1,1
286,/home/asger/mini_trainer/examples/hierarchical/test_gbifxdl/images/6121184/792ed440d9c6e9ec59a27585a807721c91ab812c.jpeg,0,84,143,0.31324946880340576,0.0,1,-1
287,/home/asger/mini_trainer/examples/hierarchical/test_gbifxdl/images/5073820/bbaf6ed1cf1eb052801b3bdd6f97aa095d6e8a96.jpeg,0,149,55,0.12265689671039581,0.0,1,-1
288,/home/asger/mini_trainer/examples/hierarchical/test_gbifxdl/images/1972449/d7c87f26b5616216e2716d6ba1ab42e1b45bf325.jpeg,0,28,28,0.8936207294464111,0.0,1,1
289,/home/asger/mini_trainer/examples/hierarchical/test_gbifxdl/images/1424207/3cab205edce6bb6c3aef9b192d715dde782474bf.jpeg,0,110,110,0.7703366875648499,0.0,1,1
290,/home/asger/mini_trainer/examples/hierarchical/test_gbifxdl/images/1424207/b49183bd273a6ba5fd482dfba7dc503c7538f80b.jpeg,0,110,110,0.7322847843170166,0.0,1,1
291,/home/asger/mini_trainer/examples/hierarchical/test_gbifxdl/images/1424207/cb259b846236fa3cb1dc2df61c6ea6d874510685.jpeg,0,110,110,0.8393489718437195,0.0,1,1
292,/home/asger/mini_trainer/examples/hierarchical/test_gbifxdl/images/1972449/2b959aec50f870c5d7ca47d0e123835d0ecc8809.jpeg,0,28,123,0.1564372479915619,0.0,1,-1
293,/home/asger/mini_trainer/examples/hierarchical/test_gbifxdl/images/1311671/1debec566f21ecfea0ce32bdd31e3dc35b2a9624.jpeg,0,30,30,0.7855207920074463,0.0,1,1
294,/home/asger/mini_trainer/examples/hierarchical/test_gbifxdl/images/1424207/318a362fffde7aa1fd4f0d95e9a31b644a8b8c69.jpeg,0,110,110,0.9045242667198181,0.0,1,1
295,/home/asger/mini_trainer/examples/hierarchical/test_gbifxdl/images/1424207/305c09d38f959357c057fae75fb3d22f9ecf6cc6.jpeg,0,110,110,0.9797705411911011,0.0,1,1
296,/home/asger/mini_trainer/examples/hierarchical/test_gbifxdl/images/1556243/138fb8221a769216986ab1c4857cef8fa565786e.jpeg,0,144,87,0.39008891582489014,0.0,1,-1
297,/home/asger/mini_trainer/examples/hierarchical/test_gbifxdl/images/1804071/3900f3804ab37ae3516d9bc280dc2ee9dcfa9613.jpeg,0,38,4,0.17129209637641907,0.0,1,-1
298,/home/asger/mini_trainer/examples/hierarchical/test_gbifxdl/images/1798594/7ad0b8056f8918872bbb402a5e0031a2a587481c.jpeg,0,34,34,0.8417301177978516,0.0,1,1
299,/home/asger/mini_trainer/examples/hierarchical/test_gbifxdl/images/1309600/0204b4e2c04cdb6bd245b5e42b0934fda1b9fea4.jpeg,0,175,175,0.9550910592079163,0.0,1,1
300,/home/asger/mini_trainer/examples/hierarchical/test_gbifxdl/images/1992066/b20580f4e40a0147dd397266fed4349502475276.jpeg,0,121,121,0.9291649460792542,0.0,1,1
301,/home/asger/mini_trainer/examples/hierarchical/test_gbifxdl/images/1972449/f49cdd5f64693eb4a5141e90d769b204d26a5239.jpeg,0,28,28,0.6296947002410889,0.0,1,1
302,/home/asger/mini_trainer/examples/hierarchical/test_gbifxdl/images/1972449/6c650f6af168ceafd66beae25b2d8a5d3122c3e9.jpeg,0,28,28,0.6571705341339111,0.0,1,1
303,/home/asger/mini_trainer/examples/hierarchical/test_gbifxdl/images/1556243/068d340feb417cc49a40aa0ad7b6c6be74a48cf2.jpeg,0,144,151,0.15142832696437836,0.0,1,-1
304,/home/asger/mini_trainer/examples/hierarchical/test_gbifxdl/images/1972449/bf8463d21134ad41711fb98ed2c6b5d8494f0800.jpeg,0,28,28,0.9185779094696045,0.0,1,1
305,/home/asger/mini_trainer/examples/hierarchical/test_gbifxdl/images/1972449/c787557073edc0ba935e9dad80beae2f2d0bde51.jpeg,0,28,28,0.86248779296875,0.0,1,1
306,/home/asger/mini_trainer/examples/hierarchical/test_gbifxdl/images/4488801/b06ebad7fbbf83c9ca8ee819dcea25770ff87f9d.jpeg,0,148,148,0.984624981880188,0.0,1,1
307,/home/asger/mini_trainer/examples/hierarchical/test_gbifxdl/images/2020855/8507fdf71305211b80fa8a7bec81a79f07797449.jpeg,0,132,75,0.17736826837062836,0.0,1,-1
308,/home/asger/mini_trainer/examples/hierarchical/test_gbifxdl/images/1956599/78e21afd30045b9e1f18fced67ecf00e52843434.jpeg,0,166,166,0.22554755210876465,0.0,1,1
309,/home/asger/mini_trainer/examples/hierarchical/test_gbifxdl/images/1972449/de6ea79d1d4086daa327e8dbe0ffeb6d6b25806d.jpeg,0,28,28,0.9799394607543945,0.0,1,1
310,/home/asger/mini_trainer/examples/hierarchical/test_gbifxdl/images/1428345/43bb20d35a83139360681271bc9874cc82707bd8.jpeg,0,150,150,0.9669464826583862,0.0,1,1
311,/home/asger/mini_trainer/examples/hierarchical/test_gbifxdl/images/4553430/916364c966ce1b09a2b0c550c79063ce58da86cd.jpeg,0,88,88,0.17448879778385162,0.0,1,1
312,/home/asger/mini_trainer/examples/hierarchical/test_gbifxdl/images/4535827/d2916bb7bbc7dd26b7c4c747d2eb480cca030900.jpeg,0,11,123,0.10225681960582733,0.0,1,-1
313,/home/asger/mini_trainer/examples/hierarchical/test_gbifxdl/images/4553430/9635413484c8ad412885cf89e22408ee25ecfe67.jpeg,0,88,88,0.7843412160873413,0.0,1,1
314,/home/asger/mini_trainer/examples/hierarchical/test_gbifxdl/images/1857626/591c9543f9a48d7cda6b01a314feaf90f2bef50d.jpeg,0,171,171,0.6575930714607239,0.0,1,1
315,/home/asger/mini_trainer/examples/hierarchical/test_gbifxdl/images/5170066/9481250916d71bb22deff8c2e677fe33b9762be9.jpeg,0,29,75,0.4602119028568268,0.0,1,-1
316,/home/asger/mini_trainer/examples/hierarchical/test_gbifxdl/images/5170066/8d8d4306eb3b9164f70f06b210f963147813e826.jpeg,0,29,41,0.5457268953323364,0.0,1,-1
317,/home/asger/mini_trainer/examples/hierarchical/test_gbifxdl/images/2154595/fb2337b163174c500000120e0b8542c192d33f97.jpeg,0,77,94,0.2297668159008026,0.0,1,-1
318,/home/asger/mini_trainer/examples/hierarchical/test_gbifxdl/images/2154595/a5bf38fd415a7d380f919580416859de6c9147ca.jpeg,0,77,20,0.18887370824813843,0.0,1,-1
319,/home/asger/mini_trainer/examples/hierarchical/test_gbifxdl/images/1309600/95b482b8ef41939c24dcb811f91fade860d6b553.jpeg,0,175,110,0.2399190068244934,0.0,1,-1
320,/home/asger/mini_trainer/examples/hierarchical/test_gbifxdl/images/1551672/f6ebef9704ba42c0d86a36077750537a00735708.jpeg,0,7,7,0.7874331474304199,0.0,1,1
321,/home/asger/mini_trainer/examples/hierarchical/test_gbifxdl/images/1309600/1b5c05f21f16d93b09b318292ee21435e99fb30a.jpeg,0,175,175,0.49889498949050903,0.0,1,1
322,/home/asger/mini_trainer/examples/hierarchical/test_gbifxdl/images/1768702/ba69669a3bf3903f480bb01721244f9b6d6f8d5e.jpeg,0,157,157,0.78829425573349,0.0,1,1
323,/home/asger/mini_trainer/examples/hierarchical/test_gbifxdl/images/1768749/b2a814c4a2d0997686ba73fea3d971cff5f61015.jpeg,0,123,123,0.7859772443771362,0.0,1,1
324,/home/asger/mini_trainer/examples/hierarchical/test_gbifxdl/images/1311649/c154f6f4cab74560701f42870f0d3f78fad0f4a2.jpeg,0,47,114,0.3521343171596527,0.0,1,-1
325,/home/asger/mini_trainer/examples/hierarchical/test_gbifxdl/images/1972449/09446796a98932fb6d38bfec4d0bf38e90b19a32.jpeg,0,28,28,0.7209689021110535,0.0,1,1
326,/home/asger/mini_trainer/examples/hierarchical/test_gbifxdl/images/6546084/a569e5993a398d31ac7e9d779516c03d67e96779.jpeg,0,124,124,0.8039700984954834,0.0,1,1
327,/home/asger/mini_trainer/examples/hierarchical/test_gbifxdl/images/4486297/9fd4985e239a60113e2cd39131847a532afabc67.jpeg,0,177,177,0.21069636940956116,0.0,1,1
328,/home/asger/mini_trainer/examples/hierarchical/test_gbifxdl/images/4990191/aa80cc0b5930bbc4e285cf82649a0b085e437d28.jpeg,0,63,63,0.9678313136100769,0.0,1,1
329,/home/asger/mini_trainer/examples/hierarchical/test_gbifxdl/images/1789695/093e0870fb93870885a76388daef04f6dffa4342.jpeg,0,3,3,0.8022515177726746,0.0,1,1
330,/home/asger/mini_trainer/examples/hierarchical/test_gbifxdl/images/1043066/896780f81ae8dd8c5f3f3842292d2c20dfb449e4.jpeg,0,27,27,0.9050866365432739,0.0,1,1
331,/home/asger/mini_trainer/examples/hierarchical/test_gbifxdl/images/1043066/da5ff99066d3297e25bf965e54366f41a26c7549.jpeg,0,27,27,0.9680885076522827,0.0,1,1
332,/home/asger/mini_trainer/examples/hierarchical/test_gbifxdl/images/1424207/8542e6c70b2e693433c66ad81731a509117f9e71.jpeg,0,110,110,0.7798430323600769,0.0,1,1
333,/home/asger/mini_trainer/examples/hierarchical/test_gbifxdl/images/1424207/a9251479ebd27dd6254d4ada88883ff8fd373edd.jpeg,0,110,110,0.9925366640090942,0.0,1,1
334,/home/asger/mini_trainer/examples/hierarchical/test_gbifxdl/images/1782560/f4da68ae3e38162bd5473adbc155b3179287052a.jpeg,0,180,180,0.930824875831604,0.0,1,1
335,/home/asger/mini_trainer/examples/hierarchical/test_gbifxdl/images/2222085/51ce48868ba279d95b71a61ca21c741749679b3d.jpeg,0,118,118,0.2953653335571289,0.0,1,1
336,/home/asger/mini_trainer/examples/hierarchical/test_gbifxdl/images/1956599/eea59db4b3209a49c814e634217aa3c135cb4614.jpeg,0,166,19,0.4618580639362335,0.0,1,-1
337,/home/asger/mini_trainer/examples/hierarchical/test_gbifxdl/images/4496895/3f7fe0d0f4af6609f615564eaabf19fa6552362f.jpeg,0,101,101,0.3853141963481903,0.0,1,1
338,/home/asger/mini_trainer/examples/hierarchical/test_gbifxdl/images/1551672/8dcc22b37727f3c7078f05165777c8537725c5db.jpeg,0,7,7,0.9673492312431335,0.0,1,1
339,/home/asger/mini_trainer/examples/hierarchical/test_gbifxdl/images/4496895/6378c83c8ab27feaf3557479e88d92c1f59a2956.jpeg,0,101,101,0.2007257342338562,0.0,1,1
340,/home/asger/mini_trainer/examples/hierarchical/test_gbifxdl/images/1424207/050d5cb3a300e7d697baed701fdf1f76ed516842.jpeg,0,110,110,0.9753983020782471,0.0,1,1
341,/home/asger/mini_trainer/examples/hierarchical/test_gbifxdl/images/1424207/12327160708769a8b4cace33026d85313c7e0760.jpeg,0,110,110,0.8717168569564819,0.0,1,1
342,/home/asger/mini_trainer/examples/hierarchical/test_gbifxdl/images/2222085/c9b2170cbbc7b255d9bd02f8a869c7f5142fed85.jpeg,0,118,118,0.5169499516487122,0.0,1,1
343,/home/asger/mini_trainer/examples/hierarchical/test_gbifxdl/images/4990191/a840a51be4d59fd10f77afd504b0420a5d3b2f98.jpeg,0,63,63,0.8612788319587708,0.0,1,1
344,/home/asger/mini_trainer/examples/hierarchical/test_gbifxdl/images/1676536/9a6ab8e6194b09f3790a192ef511ad0755b6db4d.jpeg,0,2,104,0.3115810751914978,0.0,1,-1
345,/home/asger/mini_trainer/examples/hierarchical/test_gbifxdl/images/1676536/890f5d70f425b92aa1e333ce3caa7964b5007779.jpeg,0,2,95,0.1279500275850296,0.0,1,-1
346,/home/asger/mini_trainer/examples/hierarchical/test_gbifxdl/images/5156102/dc65a82e79d92ba2aa4bc4f9eab15b12b3e83854.jpeg,0,75,75,0.9946909546852112,0.0,1,1
347,/home/asger/mini_trainer/examples/hierarchical/test_gbifxdl/images/5178595/d91a832827b3e9f56bb7bfc8e53efc5d2328b7b8.jpeg,0,87,87,0.31371402740478516,0.0,1,1
348,/home/asger/mini_trainer/examples/hierarchical/test_gbifxdl/images/5152523/84d5572b2c88fb93a8df1918e060a9f39192db15.jpeg,0,18,18,0.3122558891773224,0.0,1,1
349,/home/asger/mini_trainer/examples/hierarchical/test_gbifxdl/images/2144994/03f4d15168921fe30c8022bef84768924e88ddf3.jpeg,0,116,116,0.10648399591445923,0.0,1,1
350,/home/asger/mini_trainer/examples/hierarchical/test_gbifxdl/images/6096805/be4261e67ca916637a308a797ed06b6eda00cb0b.jpeg,0,36,36,0.5429880023002625,0.0,1,1
351,/home/asger/mini_trainer/examples/hierarchical/test_gbifxdl/images/2224231/1457bb1db7522b5cddcdd11d155a2f2a94e1043a.jpeg,0,54,54,0.9876104593276978,0.0,1,1
352,/home/asger/mini_trainer/examples/hierarchical/test_gbifxdl/images/1972449/6132f17eabe3052b3062be88cab205a00f981b7d.jpeg,0,28,28,0.4708877503871918,0.0,1,1
353,/home/asger/mini_trainer/examples/hierarchical/test_gbifxdl/images/1956599/5f3991c38f7c94fa7a2d5bc5c5abe58750d44cf3.jpeg,0,166,166,0.8272258639335632,0.0,1,1
354,/home/asger/mini_trainer/examples/hierarchical/test_gbifxdl/images/1972449/f68231d1d31e0d54983c726559470fbc2faceedf.jpeg,0,28,169,0.14135891199111938,0.0,1,-1
355,/home/asger/mini_trainer/examples/hierarchical/test_gbifxdl/images/2154595/cf6e870cd099dff7ee22a35b0435e36b6ea847e7.jpeg,0,77,77,0.5210081338882446,0.0,1,1
356,/home/asger/mini_trainer/examples/hierarchical/test_gbifxdl/images/4452254/790aba1771dee7986ae77d33a55446f4095b33e0.jpeg,0,17,17,0.45343995094299316,0.0,1,1
357,/home/asger/mini_trainer/examples/hierarchical/test_gbifxdl/images/1311649/a489842a199ade42710b49cef0ba591e2f0d113a.jpeg,0,47,47,0.8055881857872009,0.0,1,1
358,/home/asger/mini_trainer/examples/hierarchical/test_gbifxdl/images/1768749/ff548e88da31df4a9a04f2b1f3425daffe2b309b.jpeg,0,123,123,0.7198174595832825,0.0,1,1
359,/home/asger/mini_trainer/examples/hierarchical/test_gbifxdl/images/6096805/3c0d56db56376deab2556c3fe4a3d69785c07a26.jpeg,0,36,36,0.8365247845649719,0.0,1,1
360,/home/asger/mini_trainer/examples/hierarchical/test_gbifxdl/images/6096805/7a3950fdd49e61af64e422f50da32aabf660a2b8.jpeg,0,36,36,0.6937618851661682,0.0,1,1
361,/home/asger/mini_trainer/examples/hierarchical/test_gbifxdl/images/1972449/17eee3f8c138cbf12df6502106d85ebde9f55ac0.jpeg,0,28,28,0.9300544261932373,0.0,1,1
362,/home/asger/mini_trainer/examples/hierarchical/test_gbifxdl/images/1972449/28a3850f8c027c0582482a76a3eeb27800a3c5aa.jpeg,0,28,28,0.8000145554542542,0.0,1,1
363,/home/asger/mini_trainer/examples/hierarchical/test_gbifxdl/images/1424207/0685e399c91e242726a76a26ce2b2ebaae7be2f6.jpeg,0,110,110,0.13772501051425934,0.0,1,1
364,/home/asger/mini_trainer/examples/hierarchical/test_gbifxdl/images/1782560/1b56bc898cbe73b9c37737b7cf905c4a35cf921d.jpeg,0,180,180,0.8048882484436035,0.0,1,1
365,/home/asger/mini_trainer/examples/hierarchical/test_gbifxdl/images/1782560/43691ae670fc7249215cccbd96e75360bbba087c.jpeg,0,180,180,0.273008793592453,0.0,1,1
366,/home/asger/mini_trainer/examples/hierarchical/test_gbifxdl/images/4484051/171327000da8e7a57e4a680c4703a9a9915caf46.jpeg,0,135,52,0.5451001524925232,0.0,1,-1
367,/home/asger/mini_trainer/examples/hierarchical/test_gbifxdl/images/5156102/ddeb42b73f36dee9ab0c69e374b8098ab3478b2f.jpeg,0,75,75,0.9162759184837341,0.0,1,1
368,/home/asger/mini_trainer/examples/hierarchical/test_gbifxdl/images/4421212/ce459372d6b7b33861a2c05de86d0610fcd11d59.jpeg,0,112,80,0.577096164226532,0.0,1,-1
369,/home/asger/mini_trainer/examples/hierarchical/test_gbifxdl/images/1956599/9848d459914d404169d5010ea31de390cfc7da7c.jpeg,0,166,166,0.252454549074173,0.0,1,1
370,/home/asger/mini_trainer/examples/hierarchical/test_gbifxdl/images/1749929/4194f71dbaf9bb5e3fdc585fc6495535b7bc4f30.jpeg,0,111,111,0.19313956797122955,0.0,1,1
371,/home/asger/mini_trainer/examples/hierarchical/test_gbifxdl/images/1972449/d84fe4962c2d7e064bbbf6dd6ff8ee508fc77546.jpeg,0,28,28,0.8473310470581055,0.0,1,1
372,/home/asger/mini_trainer/examples/hierarchical/test_gbifxdl/images/6906165/60a265137a6c24ba83e4466f27e78afa7a28ddd6.jpeg,0,134,156,0.7156376838684082,0.0,1,-1
373,/home/asger/mini_trainer/examples/hierarchical/test_gbifxdl/images/11113980/0d1bf200eff4c5f9e280b346afa131f75ecdd4bc.jpeg,0,173,169,0.5648525953292847,0.0,1,-1
374,/home/asger/mini_trainer/examples/hierarchical/test_gbifxdl/images/1043102/d88d62cef44388ef52ae75282457fe2ae48233a2.jpeg,0,65,117,0.9825446009635925,0.0,1,-1
375,/home/asger/mini_trainer/examples/hierarchical/test_gbifxdl/images/8213262/6d1e82535dff2283ca18dc05c624463d5594cf6a.jpeg,0,93,93,0.956798255443573,0.0,1,1
376,/home/asger/mini_trainer/examples/hierarchical/test_gbifxdl/images/1309600/e19de5a95e023ae1485381c6e36af88455cf9631.jpeg,0,175,175,0.9819031953811646,0.0,1,1
377,/home/asger/mini_trainer/examples/hierarchical/test_gbifxdl/images/1972449/94c47e5e3fc6cf32f49c919afe773c5b7e49640c.jpeg,0,28,122,0.09103193134069443,0.0,1,-1
378,/home/asger/mini_trainer/examples/hierarchical/test_gbifxdl/images/1930110/b8ea68082f72cf47263cf38d395a127c02656b7d.jpeg,0,1,1,0.9228157997131348,0.0,1,1
379,/home/asger/mini_trainer/examples/hierarchical/test_gbifxdl/images/1930110/60001e29664fbb9eafd7dd18bbad364152e9286f.jpeg,0,1,1,0.9502357244491577,0.0,1,1
380,/home/asger/mini_trainer/examples/hierarchical/test_gbifxdl/images/4488801/a51e51a7ef9f4163d7456c1f8477520cd49866af.jpeg,0,148,148,0.9973821043968201,0.0,1,1
381,/home/asger/mini_trainer/examples/hierarchical/test_gbifxdl/images/4488801/16f9ca2769ab8798cba6d3274df6ebfc7d2fad0a.jpeg,0,148,148,0.9596005082130432,0.0,1,1
382,/home/asger/mini_trainer/examples/hierarchical/test_gbifxdl/images/1854202/97c6067ee457bdc0440febd9094fa393dcd1309d.jpeg,0,128,52,0.10147878527641296,0.0,1,-1
383,/home/asger/mini_trainer/examples/hierarchical/test_gbifxdl/images/4496895/268771c9fb6baa8896f97c23c2f3fa7a143e5698.jpeg,0,101,39,0.21479831635951996,0.0,1,-1
384,/home/asger/mini_trainer/examples/hierarchical/test_gbifxdl/images/1972449/b576b095be564f8409ba1f893c98419d7564cf91.jpeg,0,28,28,0.9640737175941467,0.0,1,1
385,/home/asger/mini_trainer/examples/hierarchical/test_gbifxdl/images/4496917/5ee0a860f3dfa611b8cd6dab13315e383f9015c2.jpeg,0,39,39,0.949277400970459,0.0,1,1
386,/home/asger/mini_trainer/examples/hierarchical/test_gbifxdl/images/1972449/af1619bea55f0b7c26aacdf9cd6401c8fa6223e3.jpeg,0,28,28,0.8583288192749023,0.0,1,1
387,/home/asger/mini_trainer/examples/hierarchical/test_gbifxdl/images/4496917/6392a3ea08f9d7c0cfa9e9a983b765785b4a2ad3.jpeg,0,39,39,0.9654391407966614,0.0,1,1
388,/home/asger/mini_trainer/examples/hierarchical/test_gbifxdl/images/1309600/159a102e8645f7f94da89612d1c3931e73317cae.jpeg,0,175,1,0.4135258197784424,0.0,1,-1
389,/home/asger/mini_trainer/examples/hierarchical/test_gbifxdl/images/5156102/d08a66a7773bcb463ae17678161d4dd25f20c692.jpeg,0,75,75,0.33770057559013367,0.0,1,1
390,/home/asger/mini_trainer/examples/hierarchical/test_gbifxdl/images/1972449/ac9333ab859f76f03965a21200e5d2769865e4f9.jpeg,0,28,110,0.2467273622751236,0.0,1,-1
391,/home/asger/mini_trainer/examples/hierarchical/test_gbifxdl/images/1956599/3297b847429c3ef740323d97e8352712640c8a63.jpeg,0,166,166,0.8512046933174133,0.0,1,1
392,/home/asger/mini_trainer/examples/hierarchical/test_gbifxdl/images/1972449/3160583e2d73c70d26e97232a0dcd477a7f43738.jpeg,0,28,28,0.9219589829444885,0.0,1,1
393,/home/asger/mini_trainer/examples/hierarchical/test_gbifxdl/images/1768749/c4efdc043e00b8a4e8fd0077ab9bc0befc11abc6.jpeg,0,123,123,0.8186993598937988,0.0,1,1
394,/home/asger/mini_trainer/examples/hierarchical/test_gbifxdl/images/2149937/ef6bc7a5d4a354f36a726694db4cd78c49b0da24.jpeg,0,122,122,0.9002260565757751,0.0,1,1
395,/home/asger/mini_trainer/examples/hierarchical/test_gbifxdl/images/6546084/ad92a92e1472afdd2ce3b4857fa7a4b1e428cea3.jpeg,0,124,75,0.2894617021083832,0.0,1,-1
396,/home/asger/mini_trainer/examples/hierarchical/test_gbifxdl/images/2150764/f771da6c05ec5a627bc64c095591d1e468da2c3b.jpeg,0,41,41,0.45401784777641296,0.0,1,1
397,/home/asger/mini_trainer/examples/hierarchical/test_gbifxdl/images/1920712/2ae92fbc75199ec08f78bccfa3558cdfa4f867af.jpeg,0,85,85,0.8259647488594055,0.0,1,1
398,/home/asger/mini_trainer/examples/hierarchical/test_gbifxdl/images/2158999/5d636804f3e631409311ae986e93dd6c72562ee2.jpeg,0,0,0,0.7934201955795288,0.0,1,1
399,/home/asger/mini_trainer/examples/hierarchical/test_gbifxdl/images/5749341/02a73158a00601dd0c44c1129ddc9f4e5ce606d2.jpeg,0,24,24,0.9968903660774231,0.0,1,1
400,/home/asger/mini_trainer/examples/hierarchical/test_gbifxdl/images/1758878/10361cb6b01a9977136d8138a5caa068fdc28cff.jpeg,0,19,52,0.3317911624908447,0.0,1,-1
401,/home/asger/mini_trainer/examples/hierarchical/test_gbifxdl/images/1972449/11a618e27ec7ca9d44638fa05870b9161ebbdf57.jpeg,0,28,28,0.9547150135040283,0.0,1,1
402,/home/asger/mini_trainer/examples/hierarchical/test_gbifxdl/images/5169517/cf4e9bef0f9bf025e1d8b52e92c4e5685f650812.jpeg,0,12,12,0.7095544338226318,0.0,1,1
403,/home/asger/mini_trainer/examples/hierarchical/test_gbifxdl/images/2227300/772010a7429cc5774bd52bc3af1a987bb2bc0cf5.jpeg,0,95,119,0.49610635638237,0.0,1,-1
404,/home/asger/mini_trainer/examples/hierarchical/test_gbifxdl/images/4496895/413c68d4c8dd5304252198a6564b5b77bee5f03d.jpeg,0,101,101,0.7394647598266602,0.0,1,1
405,/home/asger/mini_trainer/examples/hierarchical/test_gbifxdl/images/2158999/c3d38f20855284519672374d2a7a596cf0683791.jpeg,0,0,48,0.23928886651992798,0.0,1,-1
406,/home/asger/mini_trainer/examples/hierarchical/test_gbifxdl/images/1768729/d71d5ab0951fd90aa9a6a04032ac66e9e73a4eea.jpeg,0,6,75,0.31965968012809753,0.0,1,-1
407,/home/asger/mini_trainer/examples/hierarchical/test_gbifxdl/images/6906165/75cd5c1870bc23e7977fb91a77e2b3b72d8a4d19.jpeg,0,134,156,0.8231803774833679,0.0,1,-1
408,/home/asger/mini_trainer/examples/hierarchical/test_gbifxdl/images/2120964/613393a1f163b40a2cefab318eef2ceff11282ee.jpeg,0,53,53,0.4754086136817932,0.0,1,1
409,/home/asger/mini_trainer/examples/hierarchical/test_gbifxdl/images/4989904/e6bdea76c23dbe69dbd4d6c88c2f625ba1bb9f77.jpeg,0,117,117,0.5957963466644287,0.0,1,1
410,/home/asger/mini_trainer/examples/hierarchical/test_gbifxdl/images/5156102/09a31b5e01ec4f3b5f605685baf2eac46af2ac70.jpeg,0,75,41,0.8178972601890564,0.0,1,-1
411,/home/asger/mini_trainer/examples/hierarchical/test_gbifxdl/images/1857626/111d8b60f47cc5a18b0c0570f8e3751c6968ecb7.jpeg,0,171,84,0.16765013337135315,0.0,1,-1
412,/home/asger/mini_trainer/examples/hierarchical/test_gbifxdl/images/1758878/d2de695a70f3ca8932d1b325b3dc7baee4fa7808.jpeg,0,19,166,0.3727931082248688,0.0,1,-1
413,/home/asger/mini_trainer/examples/hierarchical/test_gbifxdl/images/1879452/cc12e4fdeb388e2cb2d7e07c34905c1546417249.jpeg,0,126,121,0.35261067748069763,0.0,1,-1
414,/home/asger/mini_trainer/examples/hierarchical/test_gbifxdl/images/1930110/077db154dc5f45ad48b68589053b21d5974502be.jpeg,0,1,1,0.8293074369430542,0.0,1,1
415,/home/asger/mini_trainer/examples/hierarchical/test_gbifxdl/images/4496917/a29904e0c65543789f2eb9af8166f997ac9cebc3.jpeg,0,39,39,0.9750537872314453,0.0,1,1
416,/home/asger/mini_trainer/examples/hierarchical/test_gbifxdl/images/1768749/9f972e9ff3ae2a83b195a854c20c98ccc13fc349.jpeg,0,123,0,0.09766818583011627,0.0,1,-1
417,/home/asger/mini_trainer/examples/hierarchical/test_gbifxdl/images/4553336/5fa554216de1d3dd4e73c0093df11375e8f39f8e.jpeg,0,97,168,0.20442719757556915,0.0,1,-1
418,/home/asger/mini_trainer/examples/hierarchical/test_gbifxdl/images/1309640/4d3764df8a25d070c1c066bed7d7295c2bec6e0d.jpeg,0,37,37,0.31545719504356384,0.0,1,1
419,/home/asger/mini_trainer/examples/hierarchical/test_gbifxdl/images/5032718/28ac2bcc31c23a00b5fd0e467a5e8fe126a78c11.jpeg,0,176,176,0.9565720558166504,0.0,1,1
420,/home/asger/mini_trainer/examples/hierarchical/test_gbifxdl/images/4497137/95265def63c32bc480f4f946cc4d59d1d18488e3.jpeg,0,90,90,0.4860530495643616,0.0,1,1
421,/home/asger/mini_trainer/examples/hierarchical/test_gbifxdl/images/1956599/4685a781940b6b67e79203b0cdb0f514cc97c291.jpeg,0,166,166,0.9580869674682617,0.0,1,1
422,/home/asger/mini_trainer/examples/hierarchical/test_gbifxdl/images/1309600/5b1bb40a23230f25135e76a24baea5f41913db3e.jpeg,0,175,175,0.9326139688491821,0.0,1,1
423,/home/asger/mini_trainer/examples/hierarchical/test_gbifxdl/images/1758878/2e35d840841beaaf953d67bbe1a8433c71cf90e5.jpeg,0,19,19,0.6956841945648193,0.0,1,1
424,/home/asger/mini_trainer/examples/hierarchical/test_gbifxdl/images/1920712/d9ad260fadceff7a7d18b9d7ddacdf6b904436ed.jpeg,0,85,85,0.5969278812408447,0.0,1,1
425,/home/asger/mini_trainer/examples/hierarchical/test_gbifxdl/images/4484051/1866ae57e71efd4ded3a5933b2008178a4a93e02.jpeg,0,135,142,0.21224994957447052,0.0,1,-1
426,/home/asger/mini_trainer/examples/hierarchical/test_gbifxdl/images/2149937/83a592c26ae8374a0a6a189073dcd7d55375c5b5.jpeg,0,122,122,0.9713058471679688,0.0,1,1
427,/home/asger/mini_trainer/examples/hierarchical/test_gbifxdl/images/4452254/ad4635feda4b32281ca9c4d6d2140c063467df43.jpeg,0,17,17,0.5029392838478088,0.0,1,1
428,/home/asger/mini_trainer/examples/hierarchical/test_gbifxdl/images/4452254/fb1ce4e40f20372fea24d546737d93ab283bb537.jpeg,0,17,17,0.8876824378967285,0.0,1,1
429,/home/asger/mini_trainer/examples/hierarchical/test_gbifxdl/images/1424207/821c840e0ade95578ba90dd4d969fb5acffc9db1.jpeg,0,110,110,0.9758543372154236,0.0,1,1
430,/home/asger/mini_trainer/examples/hierarchical/test_gbifxdl/images/1768702/28c02b60d4e16ba9cae24dc3b80a53f8269c6c9a.jpeg,0,157,84,0.3606675863265991,0.0,1,-1
431,/home/asger/mini_trainer/examples/hierarchical/test_gbifxdl/images/5758737/857dbc7340ad57d0a3ef3df141ed8fa05aa8c74c.jpeg,0,159,26,0.20746515691280365,0.0,1,-1
432,/home/asger/mini_trainer/examples/hierarchical/test_gbifxdl/images/1309640/c5f248bbbb339eea32ebaf6da435b9c8c105232d.jpeg,0,37,37,0.37834084033966064,0.0,1,1
433,/home/asger/mini_trainer/examples/hierarchical/test_gbifxdl/images/1309640/483281b5579ca893c3c47a5a8fc1ab068e9367c3.jpeg,0,37,39,0.3234735429286957,0.0,1,-1
434,/home/asger/mini_trainer/examples/hierarchical/test_gbifxdl/images/1854202/baaac341cb11661bc27fe1e470ded93721e282ee.jpeg,0,128,123,0.16255371272563934,0.0,1,-1
435,/home/asger/mini_trainer/examples/hierarchical/test_gbifxdl/images/4522049/f1acc412a8a392ac5af39feaded1aa1cfdbf1f5f.jpeg,0,51,51,0.19669686257839203,0.0,1,1
436,/home/asger/mini_trainer/examples/hierarchical/test_gbifxdl/images/1309600/605e6a1599e4f0b3444c08f5593a390dbd840ba8.jpeg,0,175,175,0.9397137761116028,0.0,1,1
437,/home/asger/mini_trainer/examples/hierarchical/test_gbifxdl/images/2168338/ce4cec051f8010fe283ede7ba19fb18fb5cea89f.jpeg,0,165,165,0.8847619891166687,0.0,1,1
438,/home/asger/mini_trainer/examples/hierarchical/test_gbifxdl/images/1739980/aa4a2fd8837c3cccd6ed09288f76d2337ba98276.jpeg,0,16,16,0.9909728765487671,0.0,1,1
439,/home/asger/mini_trainer/examples/hierarchical/test_gbifxdl/images/1768749/71c53ff7ddc594b35a4cad3acb7745bbdcaaa1ac.jpeg,0,123,123,0.7895559072494507,0.0,1,1
440,/home/asger/mini_trainer/examples/hierarchical/test_gbifxdl/images/4421212/be436257309a638483c61917dcc76f3dd6cb4d57.jpeg,0,112,112,0.7708385586738586,0.0,1,1
441,/home/asger/mini_trainer/examples/hierarchical/test_gbifxdl/images/1309600/d15917d9e9dd88064c04cbfee0106f8c95608617.jpeg,0,175,175,0.8397675156593323,0.0,1,1
442,/home/asger/mini_trainer/examples/hierarchical/test_gbifxdl/images/1551672/f4012140b3aada578c05b8528f6a081df893c792.jpeg,0,7,7,0.9590466022491455,0.0,1,1
443,/home/asger/mini_trainer/examples/hierarchical/test_gbifxdl/images/1798594/70edb9b7e942aa1c9fa61996cc32065a68bb85e1.jpeg,0,34,34,0.3945622146129608,0.0,1,1
444,/home/asger/mini_trainer/examples/hierarchical/test_gbifxdl/images/1758878/b3dd261311af46368df537f0b928ffda49874e83.jpeg,0,19,19,0.7819768190383911,0.0,1,1
445,/home/asger/mini_trainer/examples/hierarchical/test_gbifxdl/images/1309600/83f4bfa56cea84ffb8fffc93f62ecba5a9a8db3d.jpeg,0,175,175,0.896485447883606,0.0,1,1
446,/home/asger/mini_trainer/examples/hierarchical/test_gbifxdl/images/8213262/86ffad4aa644ddf655fe3fa5a2970b98974425b6.jpeg,0,93,93,0.9783113598823547,0.0,1,1
447,/home/asger/mini_trainer/examples/hierarchical/test_gbifxdl/images/1424207/5789b2598c983ed3a087077f91b3290806e8e1a0.jpeg,0,110,11,0.13626673817634583,0.0,1,-1
448,/home/asger/mini_trainer/examples/hierarchical/test_gbifxdl/images/5178358/dd0a96a79882fbabf6e7010393934c07d1896183.jpeg,0,32,32,0.98247230052948,0.0,1,1
449,/home/asger/mini_trainer/examples/hierarchical/test_gbifxdl/images/2222085/05b77b105f9bf11f60d491ed5a68c34c79faa4d0.jpeg,0,118,124,0.15664301812648773,0.0,1,-1
450,/home/asger/mini_trainer/examples/hierarchical/test_gbifxdl/images/1424207/0447183c9b9d7d23d32f5929ef6c54910b89797c.jpeg,0,110,110,0.7894508838653564,0.0,1,1
451,/home/asger/mini_trainer/examples/hierarchical/test_gbifxdl/images/1309600/71187efc3ba699d68f76872d6698bbb1ef41203b.jpeg,0,175,175,0.7624129056930542,0.0,1,1
452,/home/asger/mini_trainer/examples/hierarchical/test_gbifxdl/images/4486297/7274c3cb6cc57b0beb3140de7fcb31ed726a2fd5.jpeg,0,177,177,0.5555638670921326,0.0,1,1
453,/home/asger/mini_trainer/examples/hierarchical/test_gbifxdl/images/4486297/99a6a9b530862c50bba6a8149130c5e25c4b67f2.jpeg,0,177,177,0.7946990728378296,0.0,1,1
454,/home/asger/mini_trainer/examples/hierarchical/test_gbifxdl/images/1798984/8e11a3a79309d957bd2873e447ebda323ee9361e.jpeg,0,106,157,0.6898660063743591,0.0,1,-1
455,/home/asger/mini_trainer/examples/hierarchical/test_gbifxdl/images/1798984/01658a9fd7a0ef3f4948bc1f8f88d4eafdd5d92f.jpeg,0,106,28,0.7817152142524719,0.0,1,-1
456,/home/asger/mini_trainer/examples/hierarchical/test_gbifxdl/images/1956599/5d7bdb8566b0cdaedc1b8c100b78b5a41e5813ae.jpeg,0,166,28,0.4054070711135864,0.0,1,-1
457,/home/asger/mini_trainer/examples/hierarchical/test_gbifxdl/images/4553496/ef60d0cae02d23df46e1f31d9d1348472e500cd7.jpeg,0,156,156,0.47070959210395813,0.0,1,1
458,/home/asger/mini_trainer/examples/hierarchical/test_gbifxdl/images/1798449/c0082e850cb82a762e01b059f98d1158c1958259.jpeg,0,86,166,0.1401587873697281,0.0,1,-1
459,/home/asger/mini_trainer/examples/hierarchical/test_gbifxdl/images/1424207/19497151c8e350ec12a29694073ef292ac992e8e.jpeg,0,110,110,0.9569230079650879,0.0,1,1
460,/home/asger/mini_trainer/examples/hierarchical/test_gbifxdl/images/1309600/6456eead450538daf73fcc92067635bc30f21f00.jpeg,0,175,175,0.6696110367774963,0.0,1,1
461,/home/asger/mini_trainer/examples/hierarchical/test_gbifxdl/images/1740374/e86aacc9f7042d35f1b0440eae4efcb36c4e4bc4.jpeg,0,143,143,0.09689823538064957,0.0,1,1
462,/home/asger/mini_trainer/examples/hierarchical/test_gbifxdl/images/1740374/2174b7435044cbd34433acd43d1d88769b960bc7.jpeg,0,143,113,0.6210024356842041,0.0,1,-1
463,/home/asger/mini_trainer/examples/hierarchical/test_gbifxdl/images/1972449/79efefe95328aadd3362b19036d2f43eca898042.jpeg,0,28,28,0.8740575909614563,0.0,1,1
464,/home/asger/mini_trainer/examples/hierarchical/test_gbifxdl/images/5758736/bfdd63355e5063880d00173f907564237f5a63b4.jpeg,0,120,18,0.7821303009986877,0.0,1,-1
465,/home/asger/mini_trainer/examples/hierarchical/test_gbifxdl/images/1972449/b96446a60c97d29e043ded94bbc5d9e1709b5082.jpeg,0,28,28,0.6035569906234741,0.0,1,1
466,/home/asger/mini_trainer/examples/hierarchical/test_gbifxdl/images/6098843/668f2b0ad82a2589a69c389c2f38198c1d37e758.jpeg,0,181,181,0.7432146072387695,0.0,1,1
467,/home/asger/mini_trainer/examples/hierarchical/test_gbifxdl/images/6098843/150c2c2860302d5f452160915ee7e289e93d161d.jpeg,0,181,181,0.37200742959976196,0.0,1,1
468,/home/asger/mini_trainer/examples/hierarchical/test_gbifxdl/images/2149937/38caa1f67a39474cf23d79325f38548d7f000498.jpeg,0,122,122,0.9942255616188049,0.0,1,1
469,/home/asger/mini_trainer/examples/hierarchical/test_gbifxdl/images/1536449/46629c5e0fb89cd7f5fead98e159d527690e6745.jpeg,0,61,61,0.7574346661567688,0.0,1,1
470,/home/asger/mini_trainer/examples/hierarchical/test_gbifxdl/images/4496895/e673a57e01887ce16483e90377de82a092269f1b.jpeg,0,101,101,0.268736332654953,0.0,1,1
471,/home/asger/mini_trainer/examples/hierarchical/test_gbifxdl/images/4535827/b9175def4ba56361fe56918565c1585450437186.jpeg,0,11,52,0.9646503329277039,0.0,1,-1
472,/home/asger/mini_trainer/examples/hierarchical/test_gbifxdl/images/5178358/1f4cd19f2b4a1167ceddd3c9a76fe979ba186eab.jpeg,0,32,32,0.875360906124115,0.0,1,1
473,/home/asger/mini_trainer/examples/hierarchical/test_gbifxdl/images/2150764/da24cc589f5f8616aa7df944a740558f8fa775c0.jpeg,0,41,41,0.5583518147468567,0.0,1,1
474,/home/asger/mini_trainer/examples/hierarchical/test_gbifxdl/images/6258028/f57bcc05f6a17d316e21fabd9f023290e39568d6.jpeg,0,136,10,0.2908448874950409,0.0,1,-1
475,/home/asger/mini_trainer/examples/hierarchical/test_gbifxdl/images/1956599/a4d916d21565021cca487c3d93203314d37659a3.jpeg,0,166,166,0.9659854769706726,0.0,1,1
476,/home/asger/mini_trainer/examples/hierarchical/test_gbifxdl/images/1956599/4e4d9d43e83fad3583ff1a1fd106b8d2062abd33.jpeg,0,166,166,0.8376666903495789,0.0,1,1
477,/home/asger/mini_trainer/examples/hierarchical/test_gbifxdl/images/1956599/73adb0d581d0ee3ddd33eaf493f98539f7197bae.jpeg,0,166,166,0.64589524269104,0.0,1,1
478,/home/asger/mini_trainer/examples/hierarchical/test_gbifxdl/images/1956599/c49c62bd9b5d34f62169c84fde6c297a83d5d18b.jpeg,0,166,166,0.39119380712509155,0.0,1,1
479,/home/asger/mini_trainer/examples/hierarchical/test_gbifxdl/images/7642452/d120d2f526cda88eabffa87a41c4f464e32399a4.jpeg,0,67,67,0.9755600690841675,0.0,1,1
480,/home/asger/mini_trainer/examples/hierarchical/test_gbifxdl/images/1972449/3db4a71e03c8899470fd074f171a916ef1f443a1.jpeg,0,28,28,0.8267838954925537,0.0,1,1
481,/home/asger/mini_trainer/examples/hierarchical/test_gbifxdl/images/2141571/c5f53a0d0d7bec5c88cc578ade089bbfd4c92f53.jpeg,0,57,46,0.46912747621536255,0.0,1,-1
482,/home/asger/mini_trainer/examples/hierarchical/test_gbifxdl/images/2141571/39d56cf760c514aba91f6f39f7f9b101dc13b72b.jpeg,0,57,57,0.5632283687591553,0.0,1,1
483,/home/asger/mini_trainer/examples/hierarchical/test_gbifxdl/images/2203750/305dd0a091e6c2c694cea82f3d1f7d9e2bedd45d.jpeg,0,45,45,0.3568524122238159,0.0,1,1
484,/home/asger/mini_trainer/examples/hierarchical/test_gbifxdl/images/2203750/3c229cdffc96687a2d25fcecd063fff4b353d20b.jpeg,0,45,35,0.45519793033599854,0.0,1,-1
485,/home/asger/mini_trainer/examples/hierarchical/test_gbifxdl/images/5178347/6fc16d7b28875f27ba5bb05a5dad6b000de5ffdd.jpeg,0,168,168,0.39637675881385803,0.0,1,1
486,/home/asger/mini_trainer/examples/hierarchical/test_gbifxdl/images/1768702/f67b985a2f8c4cd0d1d37543cc6969e65f775166.jpeg,0,157,28,0.12723977863788605,0.0,1,-1
487,/home/asger/mini_trainer/examples/hierarchical/test_gbifxdl/images/6546084/83c4e579ef8352138dc12356188894c69c070b25.jpeg,0,124,124,0.7816126942634583,0.0,1,1
488,/home/asger/mini_trainer/examples/hierarchical/test_gbifxdl/images/6546084/3d76b22b17f641f449f60092c039a6102572bedd.jpeg,0,124,124,0.9759012460708618,0.0,1,1
489,/home/asger/mini_trainer/examples/hierarchical/test_gbifxdl/images/6098843/9a043d8d02ebefd6b68e80474b142e01a658ca11.jpeg,0,181,181,0.9459219574928284,0.0,1,1
490,/home/asger/mini_trainer/examples/hierarchical/test_gbifxdl/images/1551672/ab558ea78fbc6cf7a754581f7a119082e25cd44b.jpeg,0,7,7,0.9105648994445801,0.0,1,1
491,/home/asger/mini_trainer/examples/hierarchical/test_gbifxdl/images/5176315/e47dbf79bf467757a9ae5c783a4828c1a567d6e7.jpeg,0,115,115,0.5635652542114258,0.0,1,1
492,/home/asger/mini_trainer/examples/hierarchical/test_gbifxdl/images/5753612/be50838f30f938c2bf58d9bbf92c604221fbfc0d.jpeg,0,154,67,0.7054603695869446,0.0,1,-1
493,/home/asger/mini_trainer/examples/hierarchical/test_gbifxdl/images/5753612/8c7e45fef29683a6a1ebc4fa2d220dd287b06750.jpeg,0,154,67,0.5762017369270325,0.0,1,-1
494,/home/asger/mini_trainer/examples/hierarchical/test_gbifxdl/images/2158999/192f62aed6f32d50e114b786f8c6596929466e72.jpeg,0,0,48,0.3018234372138977,0.0,1,-1
495,/home/asger/mini_trainer/examples/hierarchical/test_gbifxdl/images/4436632/135986ca7f935c38dcbda468351adc42d335282f.jpeg,0,60,60,0.5059031844139099,0.0,1,1
496,/home/asger/mini_trainer/examples/hierarchical/test_gbifxdl/images/4436632/c1ed524e0a6a9507a00bd69fa72604930b5cf505.jpeg,0,60,60,0.0630759447813034,0.0,1,1
497,/home/asger/mini_trainer/examples/hierarchical/test_gbifxdl/images/5176315/8ad648262d98c1dd3f560a14bef7e8b88fb348bc.jpeg,0,115,169,0.2402576059103012,0.0,1,-1
498,/home/asger/mini_trainer/examples/hierarchical/test_gbifxdl/images/5176315/6f177a5e5adcca8f3517e58902d623a5ce64e107.jpeg,0,115,115,0.31546637415885925,0.0,1,1
499,/home/asger/mini_trainer/examples/hierarchical/test_gbifxdl/images/5176315/d067bb257b8428583384037721f280383fb4a3ce.jpeg,0,115,115,0.47139468789100647,0.0,1,1
500,/home/asger/mini_trainer/examples/hierarchical/test_gbifxdl/images/1804071/7dc1f945a6c870a028261eff1f574c521c8d9e6a.jpeg,0,38,181,0.3625152111053467,0.0,1,-1
501,/home/asger/mini_trainer/examples/hierarchical/test_gbifxdl/images/8049830/9a5825dbd7b5911147f7a37d71d4902f4a267b07.jpeg,0,100,100,0.9916866421699524,0.0,1,1
502,/home/asger/mini_trainer/examples/hierarchical/test_gbifxdl/images/4553496/7e77380b69ff259e5ac29096681103355b0347a4.jpeg,0,156,122,0.44244134426116943,0.0,1,-1
503,/home/asger/mini_trainer/examples/hierarchical/test_gbifxdl/images/1972449/8ed96cd12dfaed2f3126bc66ab8cc5ff78457f31.jpeg,0,28,28,0.7254689931869507,0.0,1,1
504,/home/asger/mini_trainer/examples/hierarchical/test_gbifxdl/images/1972449/65d6e7c9a6e7c8156cab03617aae31d85725e563.jpeg,0,28,28,0.8510627150535583,0.0,1,1
505,/home/asger/mini_trainer/examples/hierarchical/test_gbifxdl/images/4553496/32ee79ac185dd92a3f4d7c0a53e90fc1bd14e592.jpeg,0,156,156,0.9650123119354248,0.0,1,1
506,/home/asger/mini_trainer/examples/hierarchical/test_gbifxdl/images/1972449/b4ed3656298862707a09f825a0ae068aa8deb06c.jpeg,0,28,28,0.915668249130249,0.0,1,1
507,/home/asger/mini_trainer/examples/hierarchical/test_gbifxdl/images/2152911/e48a340b324e9d773c5590702c17f4620779ec1e.jpeg,0,78,78,0.44171208143234253,0.0,1,1
508,/home/asger/mini_trainer/examples/hierarchical/test_gbifxdl/images/2152911/023cb98e5113d3f0e31f7b810288046fdccc2387.jpeg,0,78,78,0.9940003156661987,0.0,1,1
509,/home/asger/mini_trainer/examples/hierarchical/test_gbifxdl/images/2152911/ed2104336f19ed483fec9615e2c97cc554bd4863.jpeg,0,78,78,0.8813116550445557,0.0,1,1
510,/home/asger/mini_trainer/examples/hierarchical/test_gbifxdl/images/2168338/839f0e2c19726d347cae90db24388d199ee4bacc.jpeg,0,165,14,0.22110208868980408,0.0,1,-1
511,/home/asger/mini_trainer/examples/hierarchical/test_gbifxdl/images/1862692/fb3838fe4fb5d5cbd432e8dcd990c6da1baf29a3.jpeg,0,69,69,0.8400205373764038,0.0,1,1
512,/home/asger/mini_trainer/examples/hierarchical/test_gbifxdl/images/1862692/22bcb1dd2022069f9b218b71b5b6f2774644f9e5.jpeg,0,69,69,0.7188503742218018,0.0,1,1
513,/home/asger/mini_trainer/examples/hierarchical/test_gbifxdl/images/1992066/d83314518cfc7614e10817a2f95eaff57b398053.jpeg,0,121,28,0.5733242630958557,0.0,1,-1
514,/home/asger/mini_trainer/examples/hierarchical/test_gbifxdl/images/1972449/060756b8fd86dcf9b43df4122b7364dd55a7c6fe.jpeg,0,28,28,0.8738052248954773,0.0,1,1
515,/home/asger/mini_trainer/examples/hierarchical/test_gbifxdl/images/4485906/7eb7748c9c8721373c7ec05c5c66fcf82444396e.jpeg,0,79,79,0.7573297023773193,0.0,1,1
516,/home/asger/mini_trainer/examples/hierarchical/test_gbifxdl/images/1758878/998443ffaf4a5bcc670c356b5bd69cbdcd8f2232.jpeg,0,19,157,0.42158791422843933,0.0,1,-1
517,/home/asger/mini_trainer/examples/hierarchical/test_gbifxdl/images/4485906/d00d68d6c65e853b4557a4c83f0a8e9fd0e02c8c.jpeg,0,79,79,0.32069259881973267,0.0,1,1
518,/home/asger/mini_trainer/examples/hierarchical/test_gbifxdl/images/1541217/b1e151a6893da8b340579bfdeaab438a5285d962.jpeg,0,151,7,0.45158594846725464,0.0,1,-1
519,/home/asger/mini_trainer/examples/hierarchical/test_gbifxdl/images/1879452/04c651d9467af88ba68363ab5b766e325274a885.jpeg,0,126,166,0.11700361967086792,0.0,1,-1
520,/home/asger/mini_trainer/examples/hierarchical/test_gbifxdl/images/5032718/1a7ef9184911838974a7fd92a425f34b9c5762b4.jpeg,0,176,32,0.655272364616394,0.0,1,-1
521,/home/asger/mini_trainer/examples/hierarchical/test_gbifxdl/images/5032718/52df688de1ee1a873400716271f58e760d4a3b39.jpeg,0,176,176,0.2934984266757965,0.0,1,1
522,/home/asger/mini_trainer/examples/hierarchical/test_gbifxdl/images/1768702/b8c8011105a96faf37a38826bfd7b342df2b248a.jpeg,0,157,157,0.7074859142303467,0.0,1,1
523,/home/asger/mini_trainer/examples/hierarchical/test_gbifxdl/images/1340503/a4bdec91945dd76b930cd1cf0c427d376f56c2be.jpeg,0,131,61,0.27462461590766907,0.0,1,-1
524,/home/asger/mini_trainer/examples/hierarchical/test_gbifxdl/images/1621865/85aff650694f9d05ce14f275f76d4ef7e02a8395.jpeg,0,104,104,0.09192293882369995,0.0,1,1
525,/home/asger/mini_trainer/examples/hierarchical/test_gbifxdl/images/1621865/2412ca4d5dc8dcf9d66e847b2bbbb75572a1ac1b.jpeg,0,104,104,0.47940492630004883,0.0,1,1
526,/home/asger/mini_trainer/examples/hierarchical/test_gbifxdl/images/4486330/e2c395e49900cdb924e55d344c9eb909028c64fe.jpeg,0,71,71,0.9924586415290833,0.0,1,1
527,/home/asger/mini_trainer/examples/hierarchical/test_gbifxdl/images/4486330/dac82650ceda0ae74cf714dee3bc0d929f108193.jpeg,0,71,71,0.9484155178070068,0.0,1,1
528,/home/asger/mini_trainer/examples/hierarchical/test_gbifxdl/images/1041477/6756a2bde0c7586f68a42c1b2e06bdbf3edff1ce.jpeg,0,80,80,0.998038113117218,0.0,1,1
529,/home/asger/mini_trainer/examples/hierarchical/test_gbifxdl/images/1041477/7aac0972b634894e92e37eb57d5bcb8d2172a9df.jpeg,0,80,80,0.9844622611999512,0.0,1,1
530,/home/asger/mini_trainer/examples/hierarchical/test_gbifxdl/images/1798449/d9a76c5c891756edd211d6e199fe9dd81a829242.jpeg,0,86,86,0.9226990938186646,0.0,1,1
531,/home/asger/mini_trainer/examples/hierarchical/test_gbifxdl/images/2224231/8a860276674e33cd4a6f20202c827d8c062c48cf.jpeg,0,54,101,0.21141234040260315,0.0,1,-1
532,/home/asger/mini_trainer/examples/hierarchical/test_gbifxdl/images/4485843/ec0809bf13f63ccf68267301b74bf17641a1f3db.jpeg,0,55,142,0.2786737084388733,0.0,1,-1
533,/home/asger/mini_trainer/examples/hierarchical/test_gbifxdl/images/1881151/34ccdb0fe60af4f6d8adabc9ad8c5a9657029ac5.jpeg,0,58,58,0.82227623462677,0.0,1,1
534,/home/asger/mini_trainer/examples/hierarchical/test_gbifxdl/images/2161872/64b6546a8d2bf33674483bcb2a0824728eff89fa.jpeg,0,20,20,0.8339321613311768,0.0,1,1
535,/home/asger/mini_trainer/examples/hierarchical/test_gbifxdl/images/1798449/03f7136e6a212c02382884c5916da90b6059316a.jpeg,0,86,157,0.1997404396533966,0.0,1,-1
536,/home/asger/mini_trainer/examples/hierarchical/test_gbifxdl/images/1428345/8cd289a813a3fa0ee435030f2545ccbdb1eb872f.jpeg,0,150,150,0.756829023361206,0.0,1,1
537,/home/asger/mini_trainer/examples/hierarchical/test_gbifxdl/images/5877911/d3029fab18a62ada053fb2d3ef7d5d616d3d3019.jpeg,0,125,125,0.9591718316078186,0.0,1,1
538,/home/asger/mini_trainer/examples/hierarchical/test_gbifxdl/images/5152523/0068356a69b6ff70a7342633b457c6b5c02016d4.jpeg,0,18,64,0.24333086609840393,0.0,1,-1
539,/home/asger/mini_trainer/examples/hierarchical/test_gbifxdl/images/1920506/453e742caf66ec9a3b66bdd3417d43e733fa916c.jpeg,0,21,21,0.5622447729110718,0.0,1,1
540,/home/asger/mini_trainer/examples/hierarchical/test_gbifxdl/images/1789695/7717c2f069809ac17f1044ab12b345505b0a0e76.jpeg,0,3,3,0.989543080329895,0.0,1,1
541,/home/asger/mini_trainer/examples/hierarchical/test_gbifxdl/images/4535827/e69ef83c004f442d1b6c6e7f67ac3cbf487bc439.jpeg,0,11,11,0.7257955074310303,0.0,1,1
542,/home/asger/mini_trainer/examples/hierarchical/test_gbifxdl/images/4486287/de86c824470b36c54ba50bd8bb8c4df8d2ab549d.jpeg,0,119,119,0.9847571849822998,0.0,1,1
543,/home/asger/mini_trainer/examples/hierarchical/test_gbifxdl/images/4486287/e4542ab277aa078937acf4e16e944571405501f2.jpeg,0,119,119,0.3932749330997467,0.0,1,1
544,/home/asger/mini_trainer/examples/hierarchical/test_gbifxdl/images/4486826/41da159253e8ecbffa7fef0dae59dfd8b8e74caa.jpeg,0,163,47,0.1444428414106369,0.0,1,-1
545,/home/asger/mini_trainer/examples/hierarchical/test_gbifxdl/images/7642452/1f640b2f7c85bf3b9523665d7d59602da9f4fda6.jpeg,0,67,67,0.9508290886878967,0.0,1,1
546,/home/asger/mini_trainer/examples/hierarchical/test_gbifxdl/images/7642452/bda3bd5201b4ee6b16db1c7a5b543dc4c672d5a3.jpeg,0,67,67,0.9848300218582153,0.0,1,1
547,/home/asger/mini_trainer/examples/hierarchical/test_gbifxdl/images/1956599/9668e86176b8279d1b1f8ae2355bcdd66d9aef36.jpeg,0,166,166,0.6227039694786072,0.0,1,1
548,/home/asger/mini_trainer/examples/hierarchical/test_gbifxdl/images/4989904/f0fbcf6999670f69cd30fb4337cc654d389331b3.jpeg,0,117,125,0.35173600912094116,0.0,1,-1
549,/home/asger/mini_trainer/examples/hierarchical/test_gbifxdl/images/4994273/6b3976428b4cba052d9788cea93ea32c4ef7804e.jpeg,0,10,158,0.2985668182373047,0.0,1,-1
550,/home/asger/mini_trainer/examples/hierarchical/test_gbifxdl/images/1043495/ac267691675b98000dbc9f8f2c771398afa86c0b.jpeg,0,153,153,0.9969369173049927,0.0,1,1
551,/home/asger/mini_trainer/examples/hierarchical/test_gbifxdl/images/1043495/8a799d4b31d27d8b3af4776dd887c69651ca0ff3.jpeg,0,153,153,0.8390534520149231,0.0,1,1
552,/home/asger/mini_trainer/examples/hierarchical/test_gbifxdl/images/1043102/b64f89719e140378a69771607c6aa1fec85050cc.jpeg,0,65,65,0.8486076593399048,0.0,1,1
553,/home/asger/mini_trainer/examples/hierarchical/test_gbifxdl/images/1542714/aa1584773f5084083b93473a9bdee4fe59f2ae12.jpeg,0,142,172,0.04602101817727089,0.0,1,-1
554,/home/asger/mini_trainer/examples/hierarchical/test_gbifxdl/images/1542714/933d82f3b4563a8a0cfaa434de3b536a4090206b.jpeg,0,142,142,0.7164866924285889,0.0,1,1
555,/home/asger/mini_trainer/examples/hierarchical/test_gbifxdl/images/4486287/8aad7f8461f95fa481ff34367c3e63c64ad5e54f.jpeg,0,119,119,0.9145433902740479,0.0,1,1
556,/home/asger/mini_trainer/examples/hierarchical/test_gbifxdl/images/1542714/8f461b57a5235e2384b17c02841275847ab3925c.jpeg,0,142,142,0.9935626983642578,0.0,1,1
557,/home/asger/mini_trainer/examples/hierarchical/test_gbifxdl/images/5758736/28e9c9403d4fea33302515f0d896afee065a247a.jpeg,0,120,116,0.19112040102481842,0.0,1,-1
558,/home/asger/mini_trainer/examples/hierarchical/test_gbifxdl/images/4486826/727499fe1f83e745fc818f428f6dd89546daef3b.jpeg,0,163,163,0.21542397141456604,0.0,1,1
559,/home/asger/mini_trainer/examples/hierarchical/test_gbifxdl/images/1968867/953e7f67a698c79d0dbefd94353196d94d069704.jpeg,0,160,28,0.3403046131134033,0.0,1,-1
560,/home/asger/mini_trainer/examples/hierarchical/test_gbifxdl/images/2149937/310b0234e53c92920ccf45bd9cb675111dbc38bd.jpeg,0,122,122,0.4795411229133606,0.0,1,1
561,/home/asger/mini_trainer/examples/hierarchical/test_gbifxdl/images/6258028/a88eebd652f1c864d03842d55dcf612d39b2b313.jpeg,0,136,174,0.528283417224884,0.0,1,-1
562,/home/asger/mini_trainer/examples/hierarchical/test_gbifxdl/images/5877911/6c6e974cb98261d7f98ed38ebf1886c3cf637b11.jpeg,0,125,125,0.2621205151081085,0.0,1,1
563,/home/asger/mini_trainer/examples/hierarchical/test_gbifxdl/images/1972449/bcb0e4d6d4e1f3e3a4b94bf6f0b08c8da2d646d1.jpeg,0,28,28,0.9404140710830688,0.0,1,1
564,/home/asger/mini_trainer/examples/hierarchical/test_gbifxdl/images/1898286/d3326512c05bbe044a5db7a4c9456515ba9f7cbd.jpeg,0,138,138,0.8801946640014648,0.0,1,1
565,/home/asger/mini_trainer/examples/hierarchical/test_gbifxdl/images/2150764/5d7c06bbdbe63c946a9dae5b9725c27a5dedb573.jpeg,0,41,75,0.3147505521774292,0.0,1,-1
566,/home/asger/mini_trainer/examples/hierarchical/test_gbifxdl/images/5156102/781acf54c546e956dad58e9212c50fc8d9595c66.jpeg,0,75,75,0.7453282475471497,0.0,1,1
567,/home/asger/mini_trainer/examples/hierarchical/test_gbifxdl/images/1340000/70a400759343a5a459e6983c38c391082c498c5f.jpeg,0,147,147,0.9996944665908813,0.0,1,1
568,/home/asger/mini_trainer/examples/hierarchical/test_gbifxdl/images/4496917/6b0f3273f1af302f8e4124ad4f21843e48c17038.jpeg,0,39,39,0.31314149498939514,0.0,1,1
569,/home/asger/mini_trainer/examples/hierarchical/test_gbifxdl/images/2227300/758c937a1581b77db018ba171d391ad0f6edf8a2.jpeg,0,95,150,0.946054220199585,0.0,1,-1
